Date,TRDPRC_1
2016-04-05,1469.6376
2016-04-06,1472.2355
2016-04-07,1440.7329
2016-04-08,1432.3796
2016-04-11,1468.9185
2016-04-12,1457.9065
2016-04-13,1499.2586
2016-04-14,1500.0443
2016-04-15,1499.4993
2016-04-18,1475.9564
2016-04-19,1509.0198
2016-04-20,1504.463
2016-04-21,1541.2108
2016-04-22,1497.9653
2016-04-25,1484.1312
2016-04-26,1489.2996
2016-04-27,1475.1875
2016-04-28,1459.1483
2016-04-29,1478.3621
2016-05-03,1524.2254
2016-05-04,1528.0964
2016-05-05,1537.2874
2016-05-06,1491.5661
2016-05-09,1396.6387
2016-05-10,1381.0673
2016-05-11,1378.0795
2016-05-12,1420.3327
2016-05-13,1416.8491
2016-05-16,1470.2621
2016-05-17,1470.8922
2016-05-18,1453.6323
2016-05-19,1510.6132
2016-05-20,1516.68
2016-05-23,1525.3708
2016-05-24,1513.241
2016-05-25,1483.3436
2016-05-26,1543.3337
2016-05-27,1532.7892
2016-05-30,1532.6159
2016-05-31,1637.5353
2016-06-01,1654.7877
2016-06-02,1658.238
2016-06-03,1652.1542
2016-06-06,1655.0511
2016-06-07,1652.8788
2016-06-08,1609.9155
2016-06-13,1554.8408
2016-06-14,1578.9492
2016-06-15,1646.4551
2016-06-16,1648.3768
2016-06-17,1646.9571
2016-06-20,1651.5431
2016-06-21,1619.0816
2016-06-22,1643.359
2016-06-23,1589.8228
2016-06-24,1558.3643
2016-06-27,1602.3637
2016-06-28,1605.9655
2016-06-29,1637.3176
2016-06-30,1613.2215
2016-07-01,1615.8594
2016-07-04,1657.2136
2016-07-05,1671.8017
2016-07-06,1668.3503
2016-07-07,1714.5442
2016-07-08,1701.5782
2016-07-11,1720.9064
2016-07-12,1742.6673
2016-07-13,1735.6031
2016-07-14,1713.5058
2016-07-15,1704.3378
2016-07-18,1702.8926
2016-07-19,1704.136
2016-07-20,1701.9927
2016-07-21,1686.4787
2016-07-22,1677.211
2016-07-25,1670.6895
2016-07-26,1685.2788
2016-07-27,1588.7301
2016-07-28,1580.5805
2016-07-29,1554.5805
2016-08-01,1537.8021
2016-08-02,1545.9245
2016-08-03,1549.6888
2016-08-04,1572.5769
2016-08-05,1562.6046
2016-08-08,1580.3593
2016-08-09,1599.1926
2016-08-10,1603.9038
2016-08-11,1578.0485
2016-08-12,1588.1569
2016-08-15,1614.9944
2016-08-16,1627.9278
2016-08-17,1622.9013
2016-08-18,1620.6856
2016-08-19,1646.4455
2016-08-22,1603.9707
2016-08-23,1604.8866
2016-08-24,1602.8003
2016-08-25,1584.8465
2016-08-26,1593.547
2016-08-29,1594.6936
2016-08-30,1594.6637
2016-08-31,1606.4113
2016-09-01,1589.9393
2016-09-02,1584.7906
2016-09-05,1592.9705
2016-09-06,1612.7384
2016-09-07,1613.1955
2016-09-08,1608.3012
2016-09-09,1596.0371
2016-09-12,1525.8837
2016-09-13,1534.7573
2016-09-14,1534.3179
2016-09-19,1550.2701
2016-09-20,1542.3069
2016-09-21,1555.7014
2016-09-22,1554.3607
2016-09-23,1539.616
2016-09-26,1501.292
2016-09-27,1508.1609
2016-09-28,1501.7222
2016-09-29,1504.3975
2016-09-30,1510.6375
2016-10-10,1542.5825
2016-10-11,1562.6632
2016-10-12,1560.7722
2016-10-13,1571.8837
2016-10-14,1559.3265
2016-10-17,1555.0149
2016-10-18,1588.783
2016-10-19,1591.7961
2016-10-20,1587.6409
2016-10-21,1584.9449
2016-10-24,1600.3155
2016-10-25,1618.0377
2016-10-26,1599.647
2016-10-27,1599.6675
2016-10-28,1582.5642
2016-10-31,1584.871
2016-11-01,1598.1754
2016-11-02,1591.8226
2016-11-03,1596.429
2016-11-04,1616.3697
2016-11-07,1630.2796
2016-11-08,1627.3989
2016-11-09,1627.073
2016-11-10,1648.3209
2016-11-11,1683.794
2016-11-14,1673.4214
2016-11-15,1662.9065
2016-11-16,1660.3804
2016-11-17,1667.1739
2016-11-18,1645.8554
2016-11-21,1643.0414
2016-11-22,1661.0877
2016-11-23,1640.4527
2016-11-24,1647.5164
2016-11-25,1643.2434
2016-11-28,1664.0396
2016-11-29,1641.9716
2016-11-30,1615.4605
2016-12-01,1627.716
2016-12-02,1592.9375
2016-12-05,1578.5674
2016-12-06,1586.7995
2016-12-07,1606.7644
2016-12-08,1604.4954
2016-12-09,1603.6302
2016-12-12,1525.7354
2016-12-13,1530.6604
2016-12-14,1501.6008
2016-12-15,1510.8481
2016-12-16,1509.7403
2016-12-19,1522.1491
2016-12-20,1516.6145
2016-12-21,1535.0574
2016-12-22,1539.6499
2016-12-23,1516.3953
2016-12-26,1511.7581
2016-12-27,1507.3338
2016-12-28,1503.2899
2016-12-29,1505.803
2016-12-30,1506.7454
2017-01-03,1522.2355
2017-01-04,1553.4456
2017-01-05,1549.0843
2017-01-06,1535.2858
2017-01-09,1544.1285
2017-01-10,1545.3176
2017-01-11,1528.3047
2017-01-12,1502.1597
2017-01-13,1479.1763
2017-01-16,1432.3733
2017-01-17,1443.6417
2017-01-18,1437.7364
2017-01-19,1423.1577
2017-01-20,1441.8817
2017-01-23,1462.1502
2017-01-24,1461.8229
2017-01-25,1464.5397
2017-01-26,1502.5481
2017-02-03,1492.5789
2017-02-06,1505.757
2017-02-07,1510.2196
2017-02-08,1516.4402
2017-02-09,1528.0923
2017-02-10,1531.9972
2017-02-13,1553.2197
2017-02-14,1561.8766
2017-02-15,1539.1272
2017-02-16,1575.9072
2017-02-17,1556.6201
2017-02-20,1568.7353
2017-02-21,1582.9672
2017-02-22,1586.0209
2017-02-23,1595.8426
2017-02-24,1583.6383
2017-02-27,1572.5916
2017-02-28,1583.9971
2017-03-01,1592.696
2017-03-02,1591.0534
2017-03-03,1594.2598
2017-03-06,1615.1386
2017-03-07,1601.6029
2017-03-08,1588.9096
2017-03-09,1574.6168
2017-03-10,1576.7389
2017-03-13,1597.9591
2017-03-14,1589.9223
2017-03-15,1591.3037
2017-03-16,1608.3719
2017-03-17,1602.5617
2017-03-20,1610.9663
2017-03-21,1607.286
2017-03-22,1603.4495
2017-03-23,1608.0018
2017-03-24,1604.8399
2017-03-27,1599.8777
2017-03-28,1596.5631
2017-03-29,1589.3369
2017-03-30,1536.8842
2017-03-31,1546.2593
2017-04-05,1596.0687
2017-04-06,1597.1541
2017-04-07,1593.9313
2017-04-10,1578.4255
2017-04-11,1586.8329
2017-04-12,1579.2106
2017-04-13,1585.291
2017-04-14,1567.601
2017-04-17,1553.0872
2017-04-18,1528.699
2017-04-19,1490.4644
2017-04-20,1486.0321
2017-04-21,1480.2294
2017-04-24,1423.046
2017-04-25,1416.0653
2017-04-26,1414.5774
2017-04-27,1433.9814
2017-04-28,1436.6076
2017-05-02,1429.008
2017-05-03,1425.5096
2017-05-04,1421.527
2017-05-05,1416.0773
2017-05-08,1382.7487
2017-05-09,1416.9567
2017-05-10,1379.0603
2017-05-11,1371.7784
2017-05-12,1366.2495
2017-05-15,1361.2577
2017-05-16,1394.766
2017-05-17,1395.3769
2017-05-18,1385.3182
2017-05-19,1385.7937
2017-05-22,1366.5282
2017-05-23,1334.1413
2017-05-24,1339.7344
2017-05-25,1351.1216
2017-05-26,1344.2255
2017-05-31,1340.3437
2017-06-01,1307.4211
2017-06-02,1306.5231
2017-06-05,1315.7433
2017-06-06,1318.9147
2017-06-07,1346.1918
2017-06-08,1342.1507
2017-06-09,1346.7215
2017-06-12,1322.4744
2017-06-13,1352.6928
2017-06-14,1359.3998
2017-06-15,1366.1165
2017-06-16,1369.1174
2017-06-19,1378.8244
2017-06-20,1402.8199
2017-06-21,1396.3738
2017-06-22,1378.7743
2017-06-23,1383.8346
2017-06-26,1403.4379
2017-06-27,1398.5191
2017-06-28,1397.6022
2017-06-29,1399.4375
2017-06-30,1399.0494
2017-07-03,1415.1343
2017-07-04,1404.4286
2017-07-05,1431.2177
2017-07-06,1465.1164
2017-07-07,1524.2646
2017-07-10,1519.6136
2017-07-11,1479.7147
2017-07-12,1499.3394
2017-07-13,1525.2488
2017-07-14,1513.987
2017-07-17,1453.6781
2017-07-18,1485.4694
2017-07-19,1532.4668
2017-07-20,1542.8891
2017-07-21,1530.8374
2017-07-24,1536.4838
2017-07-25,1537.9162
2017-07-26,1574.2167
2017-07-27,1565.5972
2017-07-28,1619.5824
2017-07-31,1697.1484
2017-08-01,1671.5963
2017-08-02,1675.014
2017-08-03,1703.0438
2017-08-04,1664.8488
2017-08-07,1741.893
2017-08-08,1752.0521
2017-08-09,1798.9162
2017-08-10,1799.8687
2017-08-11,1700.6594
2017-08-14,1767.1186
2017-08-15,1769.5163
2017-08-16,1733.3547
2017-08-17,1745.1496
2017-08-18,1698.8965
2017-08-21,1730.9294
2017-08-22,1740.8799
2017-08-23,1692.7884
2017-08-24,1673.4626
2017-08-25,1705.8745
2017-08-28,1736.9368
2017-08-29,1719.1852
2017-08-30,1753.9072
2017-08-31,1761.9281
2017-09-01,1802.2142
2017-09-04,1833.7224
2017-09-05,1809.1866
2017-09-06,1830.6873
2017-09-07,1803.0464
2017-09-08,1817.9721
2017-09-11,1878.7617
2017-09-12,1901.519
2017-09-13,1912.6025
2017-09-14,1872.3953
2017-09-15,1823.6514
2017-09-18,1842.9892
2017-09-19,1831.7108
2017-09-20,1860.1721
2017-09-21,1819.4834
2017-09-22,1832.9803
2017-09-25,1761.8402
2017-09-26,1778.0702
2017-09-27,1795.0244
2017-09-28,1777.6024
2017-09-29,1784.9287
2017-10-09,1800.6277
2017-10-10,1779.0595
2017-10-11,1757.8627
2017-10-12,1738.2027
2017-10-13,1738.2027
2017-10-16,1725.6738
2017-10-17,1711.1419
2017-10-18,1691.6635
2017-10-19,1685.7443
2017-10-20,1717.1106
2017-10-23,1711.8801
2017-10-24,1708.5866
2017-10-25,1721.7977
2017-10-26,1729.9899
2017-10-27,1700.6421
2017-10-30,1656.6195
2017-10-31,1676.4079
2017-11-01,1678.1649
2017-11-02,1654.6315
2017-11-03,1636.63
2017-11-06,1665.388
2017-11-07,1680.2881
2017-11-08,1688.5371
2017-11-09,1693.7246
2017-11-10,1709.819
2017-11-13,1750.3166
2017-11-14,1726.8079
2017-11-15,1687.9161
2017-11-16,1688.1257
2017-11-17,1619.0012
2017-11-20,1641.1353
2017-11-21,1646.9351
2017-11-22,1651.6153
2017-11-23,1607.6336
2017-11-24,1639.8234
2017-11-27,1603.9247
2017-11-28,1627.8317
2017-11-29,1652.0065
2017-11-30,1625.6961
2017-12-01,1632.3651
2017-12-04,1623.2772
2017-12-05,1564.8745
2017-12-06,1579.3713
2017-12-07,1585.7931
2017-12-08,1598.8387
2017-12-11,1613.5851
2017-12-12,1600.2217
2017-12-13,1621.2432
2017-12-14,1605.4147
2017-12-15,1591.3295
2017-12-18,1587.3609
2017-12-19,1592.3441
2017-12-20,1567.0428
2017-12-21,1583.4558
2017-12-22,1590.9618
2017-12-25,1566.2907
2017-12-26,1570.8206
2017-12-27,1572.1184
2017-12-28,1616.2711
2017-12-29,1620.459
2018-01-02,1635.5274
2018-01-03,1636.5888
2018-01-04,1642.2846
2018-01-05,1625.7143
2018-01-08,1644.5354
2018-01-09,1653.7585
2018-01-10,1641.5747
2018-01-11,1635.5013
2018-01-12,1608.8045
2018-01-15,1538.886
2018-01-16,1538.459
2018-01-17,1528.3524
2018-01-18,1545.2329
2018-01-19,1541.0523
2018-01-22,1554.4962
2018-01-23,1563.1456
2018-01-24,1555.553
2018-01-25,1561.4856
2018-01-26,1541.8759
2018-01-29,1528.7738
2018-01-30,1529.1407
2018-01-31,1476.52
2018-02-01,1415.2481
2018-02-02,1432.1059
2018-02-05,1424.2778
2018-02-06,1344.781
2018-02-07,1350.0865
2018-02-08,1369.8531
2018-02-09,1312.8536
2018-02-12,1355.6861
2018-02-13,1363.6017
2018-02-14,1368.7067
2018-02-22,1409.8013
2018-02-23,1406.1982
2018-02-26,1432.6223
2018-02-27,1420.0715
2018-02-28,1445.2285
2018-03-01,1446.7286
2018-03-02,1457.6109
2018-03-05,1453.3743
2018-03-06,1482.4469
2018-03-07,1453.0812
2018-03-08,1457.6846
2018-03-09,1469.0423
2018-03-12,1500.0656
2018-03-13,1483.6254
2018-03-14,1499.6083
2018-03-15,1494.849
2018-03-16,1474.1744
2018-03-19,1462.7497
2018-03-20,1454.5642
2018-03-21,1444.4664
2018-03-22,1442.6989
2018-03-23,1356.8813
2018-03-26,1390.855
2018-03-27,1426.4602
2018-03-28,1409.4737
2018-03-29,1425.1966
2018-03-30,1440.1849
2018-04-02,1438.8617
2018-04-03,1411.2406
2018-04-04,1399.3471
2018-04-09,1433.4304
2018-04-10,1440.4936
2018-04-11,1450.9279
2018-04-12,1424.4341
2018-04-13,1417.2139
2018-04-16,1400.2354
2018-04-17,1370.7293
2018-04-18,1384.4248
2018-04-19,1419.5202
2018-04-20,1381.0582
2018-04-23,1361.2894
2018-04-24,1377.7951
2018-04-25,1369.1693
2018-04-26,1340.6094
2018-04-27,1332.222
2018-05-02,1322.2762
2018-05-03,1331.8914
2018-05-04,1329.8962
2018-05-07,1351.4565
2018-05-08,1359.1656
2018-05-09,1355.8241
2018-05-10,1354.1174
2018-05-11,1363.6206
2018-05-14,1361.9501
2018-05-15,1368.6112
2018-05-16,1352.979
2018-05-17,1345.1561
2018-05-18,1344.5628
2018-05-21,1362.355
2018-05-22,1362.2428
2018-05-23,1338.6028
2018-05-24,1334.116
2018-05-25,1312.7172
2018-05-28,1292.61
2018-05-29,1280.935
2018-05-30,1247.1602
2018-05-31,1259.1462
2018-06-01,1243.2411
2018-06-04,1224.4537
2018-06-05,1246.6071
2018-06-06,1247.7234
2018-06-07,1244.4121
2018-06-08,1220.9919
2018-06-11,1220.3779
2018-06-12,1229.1234
2018-06-13,1211.0029
2018-06-14,1228.1886
2018-06-15,1213.2493
2018-06-19,1119.2766
2018-06-20,1115.5154
2018-06-21,1094.3609
2018-06-22,1107.2243
2018-06-25,1092.6561
2018-06-26,1102.3119
2018-06-27,1113.935
2018-06-28,1099.0616
2018-06-29,1125.8753
2018-07-02,1104.4162
2018-07-03,1108.3203
2018-07-04,1096.004
2018-07-05,1048.3482
2018-07-06,1055.2601
2018-07-09,1089.7487
2018-07-10,1101.9935
2018-07-11,1076.1077
2018-07-12,1104.6761
2018-07-13,1108.8095
2018-07-16,1097.4544
2018-07-17,1094.0582
2018-07-18,1085.0435
2018-07-19,1086.8254
2018-07-20,1092.7759
2018-07-23,1110.2869
2018-07-24,1135.9536
2018-07-25,1132.5556
2018-07-26,1126.0525
2018-07-27,1121.6617
2018-07-30,1112.8781
2018-07-31,1109.7595
2018-08-01,1084.0389
2018-08-02,1050.0609
2018-08-03,1041.4365
2018-08-06,1019.9431
2018-08-07,1053.339
2018-08-08,1038.197
2018-08-09,1061.6819
2018-08-10,1061.1655
2018-08-13,1058.3281
2018-08-14,1067.9053
2018-08-15,1039.3657
2018-08-16,1024.6551
2018-08-17,1003.6647
2018-08-20,1013.2093
2018-08-21,1024.2315
2018-08-22,1009.3583
2018-08-23,1011.4553
2018-08-24,1008.731
2018-08-27,1022.1401
2018-08-28,1030.1069
2018-08-29,1014.3417
2018-08-30,998.982
2018-08-31,987.6939
2018-09-03,987.0694
2018-09-04,997.3181
2018-09-05,982.3975
2018-09-06,975.8938
2018-09-07,978.3894
2018-09-10,942.5239
2018-09-11,940.4158
2018-09-12,943.9427
2018-09-13,954.4777
2018-09-14,959.8389
2018-09-17,941.89
2018-09-18,957.6162
2018-09-19,968.6712
2018-09-20,985.9319
2018-09-21,992.3215
2018-09-25,983.5315
2018-09-26,987.1057
2018-09-27,969.215
2018-09-28,1001.3084
2018-10-08,985.8777
2018-10-09,989.3452
2018-10-10,976.2941
2018-10-11,898.867
2018-10-12,883.9363
2018-10-15,861.9545
2018-10-16,845.5692
2018-10-17,850.8454
2018-10-18,817.148
2018-10-19,832.8969
2018-10-22,877.2228
2018-10-23,863.396
2018-10-24,864.8562
2018-10-25,867.2558
2018-10-26,874.6258
2018-10-29,857.9491
2018-10-30,873.9395
2018-10-31,919.0905
2018-11-01,915.9198
2018-11-02,934.5664
2018-11-05,937.3729
2018-11-06,943.8184
2018-11-07,933.3892
2018-11-08,924.8669
2018-11-09,918.3133
2018-11-12,948.6389
2018-11-13,965.5189
2018-11-14,959.6829
2018-11-15,976.3804
2018-11-16,983.2282
2018-11-19,997.0112
2018-11-20,962.1706
2018-11-21,964.8195
2018-11-22,965.0362
2018-11-23,908.7651
2018-11-26,908.8391
2018-11-27,919.5794
2018-11-28,932.6264
2018-11-29,920.7796
2018-11-30,926.7867
2018-12-03,956.4245
2018-12-04,956.8123
2018-12-05,951.4858
2018-12-06,935.534
2018-12-07,933.9192
2018-12-10,920.6877
2018-12-11,924.7709
2018-12-12,928.3779
2018-12-13,935.9008
2018-12-14,904.6992
2018-12-17,903.7593
2018-12-18,895.8854
2018-12-19,883.4237
2018-12-20,887.2685
2018-12-21,880.044
2018-12-24,885.7414
2018-12-25,868.9887
2018-12-26,866.0251
2018-12-27,855.1127
2018-12-28,859.4665
2019-01-02,854.7935
2019-01-03,862.7226
2019-01-04,894.4417
2019-01-07,917.7071
2019-01-08,925.2678
2019-01-09,927.1413
2019-01-10,920.8217
2019-01-11,938.8581
2019-01-14,945.0032
2019-01-15,954.6608
2019-01-16,944.6646
2019-01-17,949.6847
2019-01-18,956.5757
2019-01-21,957.0195
2019-01-22,937.7828
2019-01-23,944.7839
2019-01-24,946.508
2019-01-25,937.3895
2019-01-28,931.5429
2019-01-29,903.8946
2019-01-30,894.8588
2019-01-31,876.1779
2019-02-01,909.237
2019-02-11,940.4483
2019-02-12,951.5973
2019-02-13,975.0889
2019-02-14,982.3908
2019-02-15,980.9273
2019-02-18,1023.9914
2019-02-19,1020.8935
2019-02-20,1037.15
2019-02-21,1022.8294
2019-02-22,1042.6811
2019-02-25,1120.4299
2019-02-26,1131.5505
2019-02-27,1109.6492
2019-02-28,1111.167
2019-03-01,1124.3546
2019-03-04,1150.3739
2019-03-05,1189.1496
2019-03-06,1233.2677
2019-03-07,1276.4953
2019-03-08,1194.7785
2019-03-11,1236.8538
2019-03-12,1251.6361
2019-03-13,1225.3757
2019-03-14,1206.146
2019-03-15,1231.2635
2019-03-18,1270.195
2019-03-19,1273.7324
2019-03-20,1260.372
2019-03-21,1267.1155
2019-03-22,1268.1261
2019-03-25,1253.481
2019-03-26,1216.6375
2019-03-27,1214.0187
2019-03-28,1190.7231
2019-03-29,1224.454
2019-04-01,1266.7906
2019-04-02,1289.894
2019-04-03,1284.0157
2019-04-04,1301.8118
2019-04-08,1309.5762
2019-04-09,1295.3413
2019-04-10,1278.4174
2019-04-11,1255.3855
2019-04-12,1252.0953
2019-04-15,1236.8349
2019-04-16,1279.5108
2019-04-17,1302.2855
2019-04-18,1290.1436
2019-04-19,1307.3122
2019-04-22,1301.3735
2019-04-23,1289.7767
2019-04-24,1309.3273
2019-04-25,1250.1295
2019-04-26,1224.4265
2019-04-29,1163.7877
2019-04-30,1167.2809
2019-05-01,1167.2809
2019-05-02,1167.2809
2019-05-06,1071.928
2019-05-07,1085.4877
2019-05-08,1081.8572
2019-05-09,1078.9966
2019-05-10,1116.8359
2019-05-13,1104.4617
2019-05-14,1103.0837
2019-05-15,1127.9216
2019-05-16,1208.0837
2019-05-17,1158.5512
2019-05-20,1197.911
2019-05-21,1283.8555
2019-05-22,1245.7023
2019-05-23,1235.6395
2019-05-24,1197.6087
2019-05-27,1246.1032
2019-05-28,1250.0897
2019-05-29,1315.1397
2019-05-30,1303.7309
2019-05-31,1307.9382
2019-06-03,1256.3307
2019-06-04,1221.1624
2019-06-05,1223.3554
2019-06-06,1237.2707
2019-06-10,1264.994
2019-06-11,1341.8259
2019-06-12,1346.9398
2019-06-13,1357.4389
2019-06-14,1307.5846
2019-06-17,1317.7636
2019-06-18,1283.981
2019-06-19,1289.7512
2019-06-20,1283.745
2019-06-21,1295.8798
2019-06-24,1309.4495
2019-06-25,1258.444
2019-06-26,1239.2925
2019-06-27,1242.0059
2019-06-28,1253.5181
2019-07-01,1260.81
2019-07-02,1251.2296
2019-07-03,1225.8282
2019-07-04,1221.9138
2019-07-05,1220.9984
2019-07-08,1168.4506
2019-07-09,1177.5541
2019-07-10,1164.4708
2019-07-11,1158.1865
2019-07-12,1157.8614
2019-07-15,1177.1829
2019-07-16,1175.6007
2019-07-17,1179.1936
2019-07-18,1183.9857
2019-07-19,1181.4031
2019-07-22,1117.5494
2019-07-23,1127.9316
2019-07-24,1137.198
2019-07-25,1140.364
2019-07-26,1131.235
2019-07-29,1125.0214
2019-07-30,1131.8569
2019-07-31,1126.1801
2019-08-01,1111.2387
2019-08-02,1157.0301
2019-08-05,1152.9192
2019-08-06,1123.6683
2019-08-07,1155.3303
2019-08-08,1134.5005
2019-08-09,1120.464
2019-08-12,1111.8054
2019-08-13,1108.5384
2019-08-14,1101.3709
2019-08-15,1096.5102
2019-08-16,1125.8062
2019-08-19,1149.9375
2019-08-20,1161.2016
2019-08-21,1147.1162
2019-08-22,1152.1634
2019-08-23,1173.715
2019-08-26,1167.9328
2019-08-27,1182.3485
2019-08-28,1165.952
2019-08-29,1163.9187
2019-08-30,1171.9685
2019-09-02,1180.6115
2019-09-03,1192.3693
2019-09-04,1206.4883
2019-09-05,1212.0602
2019-09-06,1206.7869
2019-09-09,1234.5427
2019-09-10,1234.2085
2019-09-11,1238.5682
2019-09-12,1230.6346
2019-09-16,1226.7389
2019-09-17,1201.2916
2019-09-18,1202.9131
2019-09-19,1219.783
2019-09-20,1218.5631
2019-09-23,1198.3901
2019-09-24,1194.2975
2019-09-25,1172.442
2019-09-26,1124.002
2019-09-27,1133.9579
2019-09-30,1123.3039
2019-10-08,1136.5088
2019-10-09,1150.2119
2019-10-10,1161.5811
2019-10-11,1155.3376
2019-10-14,1162.4571
2019-10-15,1140.5118
2019-10-16,1129.4514
2019-10-17,1126.5929
2019-10-18,1101.6218
2019-10-21,1100.3148
2019-10-22,1110.1935
2019-10-23,1097.2849
2019-10-24,1094.1283
2019-10-25,1106.7269
2019-10-28,1125.9411
2019-10-29,1106.0192
2019-10-30,1088.2135
2019-10-31,1074.3755
2019-11-01,1091.509
2019-11-04,1091.6447
2019-11-05,1095.2998
2019-11-06,1090.8402
2019-11-07,1093.2261
2019-11-08,1095.0107
2019-11-11,1074.6761
2019-11-12,1059.9917
2019-11-13,1058.4285
2019-11-14,1059.5877
2019-11-15,1060.2263
2019-11-18,1061.1073
2019-11-19,1076.1468
2019-11-20,1087.4164
2019-11-21,1077.6351
2019-11-22,1073.1587
2019-11-25,1073.4884
2019-11-26,1070.9276
2019-11-27,1074.8775
2019-11-28,1066.8931
2019-11-29,1063.0707
2019-12-02,1057.8794
2019-12-03,1064.9255
2019-12-04,1082.7466
2019-12-05,1090.3001
2019-12-06,1093.8866
2019-12-09,1098.9757
2019-12-10,1102.8173
2019-12-11,1089.2824
2019-12-12,1094.504
2019-12-13,1103.9353
2019-12-16,1121.9275
2019-12-17,1148.8258
2019-12-18,1159.5457
2019-12-19,1166.436
2019-12-20,1143.9076
2019-12-23,1119.2904
2019-12-24,1158.657
2019-12-25,1162.4561
2019-12-26,1172.9511
2019-12-27,1183.274
2019-12-30,1189.1382
2019-12-31,1184.3098
2020-01-02,1203.713
2020-01-03,1211.3661
2020-01-06,1249.4575
2020-01-07,1245.2218
2020-01-08,1235.3964
2020-01-09,1243.5773
2020-01-10,1235.0165
2020-01-13,1251.5371
2020-01-14,1256.6091
2020-01-15,1242.4622
2020-01-16,1245.5515
2020-01-17,1236.7701
2020-01-20,1250.4194
2020-01-21,1219.8541
2020-01-22,1231.4707
2020-01-23,1180.8472
2020-02-03,1063.0898
2020-02-04,1043.5166
2020-02-05,1076.0342
2020-02-06,1094.6769
2020-02-07,1104.2607
2020-02-10,1134.0598
2020-02-11,1132.6377
2020-02-12,1169.0313
2020-02-13,1169.7827
2020-02-14,1171.8724
2020-02-17,1214.8622
2020-02-18,1253.7918
2020-02-19,1223.284
2020-02-20,1251.9312
2020-02-21,1272.5689
2020-02-24,1290.1827
2020-02-25,1284.024
2020-02-26,1239.9433
2020-02-27,1233.0675
2020-02-28,1140.8085
2020-03-02,1189.3477
2020-03-03,1199.127
2020-03-04,1203.145
2020-03-05,1222.2054
2020-03-06,1206.4214
2020-03-09,1148.3447
2020-03-10,1180.058
2020-03-11,1168.7034
2020-03-12,1141.9576
2020-03-13,1133.1086
2020-03-16,1085.6809
2020-03-17,1075.3302
2020-03-18,1059.0591
2020-03-19,1069.8389
2020-03-20,1071.8733
2020-03-23,1014.4176
2020-03-24,1035.8091
2020-03-25,1060.9474
2020-03-26,1056.3341
2020-03-27,1041.6129
2020-03-30,1019.5124
2020-03-31,1041.1827
2020-04-01,1042.7129
2020-04-02,1060.1539
2020-04-03,1049.8571
2020-04-07,1072.5975
2020-04-08,1076.453
2020-04-09,1072.3242
2020-04-10,1046.1898
2020-04-13,1035.2772
2020-04-14,1059.7345
2020-04-15,1052.1345
2020-04-16,1051.2848
2020-04-17,1062.6889
2020-04-20,1061.8342
2020-04-21,1040.5983
2020-04-22,1063.5698
2020-04-23,1049.3514
2020-04-24,1032.5078
2020-04-27,1019.9067
2020-04-28,1000.3329
2020-04-29,1002.2238
2020-04-30,1043.2855
2020-05-06,1086.6765
2020-05-07,1075.0587
2020-05-08,1080.9934
2020-05-11,1073.8478
2020-05-12,1070.2775
2020-05-13,1072.3846
2020-05-14,1076.5913
2020-05-15,1079.1963
2020-05-18,1097.5474
2020-05-19,1099.5354
2020-05-20,1083.0985
2020-05-21,1080.3096
2020-05-22,1088.0634
2020-05-25,1077.0635
2020-05-26,1100.1929
2020-05-27,1114.7092
2020-05-28,1133.2551
2020-05-29,1147.1304
2020-06-01,1171.0461
2020-06-02,1176.5456
2020-06-03,1162.8838
2020-06-04,1156.1175
2020-06-05,1161.169
2020-06-08,1156.1554
2020-06-09,1154.3167
2020-06-10,1146.6402
2020-06-11,1166.977
2020-06-12,1153.4999
2020-06-15,1127.6471
2020-06-16,1147.6066
2020-06-17,1139.0651
2020-06-18,1146.2595
2020-06-19,1148.9419
2020-06-22,1159.1038
2020-06-23,1155.849
2020-06-24,1135.3821
2020-06-29,1118.0977
2020-06-30,1134.2484
2020-07-01,1145.7726
2020-07-02,1171.0626
2020-07-03,1187.7301
2020-07-06,1255.9941
2020-07-07,1264.8924
2020-07-08,1341.3299
2020-07-09,1380.0994
2020-07-10,1353.6563
2020-07-13,1398.7202
2020-07-14,1387.7087
2020-07-15,1335.5673
2020-07-16,1289.347
2020-07-17,1256.9773
2020-07-20,1340.0145
2020-07-21,1323.6356
2020-07-22,1339.4872
2020-07-23,1349.6383
2020-07-24,1287.4609
2020-07-27,1277.4157
2020-07-28,1294.7016
2020-07-29,1319.5696
2020-07-30,1311.0453
2020-07-31,1323.4362
2020-08-03,1377.8482
2020-08-04,1357.7369
2020-08-05,1400.1067
2020-08-06,1407.5892
2020-08-07,1406.6826
2020-08-10,1379.0642
2020-08-11,1353.5805
2020-08-12,1326.8066
2020-08-13,1331.0891
2020-08-14,1338.9188
2020-08-17,1368.8719
2020-08-18,1362.1795
2020-08-19,1340.2398
2020-08-20,1314.0259
2020-08-21,1314.3741
2020-08-24,1325.4631
2020-08-25,1312.2885
2020-08-26,1269.1787
2020-08-27,1283.0191
2020-08-28,1303.5219
2020-08-31,1289.6069
2020-09-01,1299.9357
2020-09-02,1290.5829
2020-09-03,1265.403
2020-09-04,1267.8333
2020-09-07,1261.7363
2020-09-08,1284.6264
2020-09-09,1266.3423
2020-09-10,1230.2173
2020-09-11,1249.5744
2020-09-14,1285.3757
2020-09-15,1271.2897
2020-09-16,1262.6225
2020-09-17,1264.6568
2020-09-18,1290.8871
2020-09-21,1286.1915
2020-09-22,1254.1525
2020-09-23,1266.8296
2020-09-24,1225.8236
2020-09-25,1213.2316
2020-09-28,1205.5765
2020-09-29,1215.4949
2020-09-30,1205.7206
2020-10-09,1255.0998
2020-10-12,1290.8919
2020-10-13,1291.4826
2020-10-14,1279.2605
2020-10-15,1276.9886
2020-10-16,1263.292
2020-10-19,1258.5208
2020-10-20,1269.9066
2020-10-21,1247.0223
2020-10-22,1243.2891
2020-10-23,1229.5787
2020-10-26,1234.3067
2020-10-27,1239.5768
2020-10-28,1257.5879
2020-10-29,1253.3051
2020-10-30,1212.8671
2020-11-02,1222.1963
2020-11-03,1264.9005
2020-11-04,1266.9293
2020-11-05,1288.0847
2020-11-06,1289.1231
2020-11-09,1324.6877
2020-11-10,1316.5262
2020-11-11,1301.4155
2020-11-12,1294.9889
2020-11-13,1313.3619
2020-11-16,1347.1032
2020-11-17,1322.6391
2020-11-18,1339.5892
2020-11-19,1327.0062
2020-11-20,1357.1199
2020-11-23,1389.2226
2020-11-24,1430.9611
2020-11-25,1418.2057
2020-11-26,1427.5427
2020-11-27,1397.9073
2020-11-30,1391.398
2020-12-01,1408.3875
2020-12-02,1402.1378
2020-12-03,1374.1719
2020-12-04,1387.2901
2020-12-07,1387.8539
2020-12-08,1379.0271
2020-12-09,1344.0405
2020-12-10,1349.3799
2020-12-11,1311.1837
2020-12-14,1320.7813
2020-12-15,1320.0493
2020-12-16,1312.6146
2020-12-17,1350.3516
2020-12-18,1366.803
2020-12-21,1396.0946
2020-12-22,1343.2542
2020-12-23,1391.351
2020-12-24,1380.2612
2020-12-25,1424.4689
2020-12-28,1407.7605
2020-12-29,1362.3042
2020-12-30,1392.6722
2020-12-31,1412.9915
2021-01-04,1457.1873
2021-01-05,1470.2
2021-01-06,1457.4407
2021-01-07,1474.1759
2021-01-08,1465.6995
2021-01-11,1445.8645
2021-01-12,1466.6551
2021-01-13,1480.4903
2021-01-14,1440.8985
2021-01-15,1423.8151
2021-01-18,1477.6503
2021-01-19,1421.7401
2021-01-20,1493.855
2021-01-21,1579.5242
2021-01-22,1577.1156
2021-01-25,1555.1791
2021-01-26,1564.8255
2021-01-27,1529.8262
2021-01-28,1486.7274
2021-01-29,1464.9942
2021-02-01,1451.3649
2021-02-02,1493.0415
2021-02-03,1519.2216
2021-02-04,1450.7872
2021-02-05,1364.3132
2021-02-08,1386.8748
2021-02-09,1456.0759
2021-02-10,1492.5618
2021-02-18,1566.4017
2021-02-19,1592.699
2021-02-22,1656.2099
2021-02-23,1676.3091
2021-02-24,1611.0895
2021-02-25,1590.9156
2021-02-26,1587.5024
2021-03-01,1692.9686
2021-03-02,1672.3495
2021-03-03,1746.1216
2021-03-04,1759.1482
2021-03-05,1686.8111
2021-03-08,1652.2321
2021-03-09,1561.9807
2021-03-10,1556.3043
2021-03-11,1634.661
2021-03-12,1638.6096
2021-03-15,1650.2684
2021-03-16,1613.8159
2021-03-17,1608.4795
2021-03-18,1571.4111
2021-03-19,1562.7273
2021-03-22,1582.1637
2021-03-23,1508.5229
2021-03-24,1463.2721
2021-03-25,1469.2736
2021-03-26,1509.2303
2021-03-29,1498.3028
2021-03-30,1539.3892
2021-03-31,1501.5742
2021-04-01,1502.8303
2021-04-02,1489.1476
2021-04-06,1505.5405
2021-04-07,1531.9282
2021-04-08,1524.9491
2021-04-09,1533.8011
2021-04-12,1485.4284
2021-04-13,1454.8386
2021-04-14,1471.0957
2021-04-15,1480.3717
2021-04-16,1480.3131
2021-04-19,1517.4126
2021-04-20,1535.0396
2021-04-21,1518.8744
2021-04-22,1522.5317
2021-04-23,1518.4538
2021-04-26,1509.706
2021-04-27,1494.4762
2021-04-28,1513.5107
2021-04-29,1494.0834
2021-04-30,1480.9744
2021-05-06,1508.1356
2021-05-07,1548.1997
2021-05-10,1601.4892
2021-05-11,1557.9331
2021-05-12,1574.561
2021-05-13,1509.0053
2021-05-14,1524.589
2021-05-17,1536.6193
2021-05-18,1540.3623
2021-05-19,1549.0678
2021-05-20,1511.4612
2021-05-21,1510.8946
2021-05-24,1489.9423
2021-05-25,1506.4819
2021-05-26,1531.1555
2021-05-27,1540.3157
2021-05-28,1538.6413
2021-05-31,1593.633
2021-06-01,1592.6393
2021-06-02,1582.1023
2021-06-03,1615.636
2021-06-04,1619.8509
2021-06-07,1618.1189
2021-06-08,1589.8632
2021-06-09,1584.5655
2021-06-10,1582.942
2021-06-11,1560.1946
2021-06-15,1521.901
2021-06-16,1474.7382
2021-06-17,1489.3597
2021-06-18,1516.1394
2021-06-21,1537.4837
2021-06-22,1564.1201
2021-06-23,1577.7545
2021-06-24,1588.3319
2021-06-25,1596.3268
2021-06-28,1587.1764
2021-06-29,1587.7688
2021-06-30,1614.536
2021-07-01,1561.4131
2021-07-02,1602.1378
2021-07-05,1666.7976
2021-07-06,1678.7057
2021-07-07,1762.787
2021-07-08,1790.7104
2021-07-09,1898.8218
2021-07-12,1941.4944
2021-07-13,1947.9846
2021-07-14,1896.0266
2021-07-15,1986.3188
2021-07-16,1984.6747
2021-07-19,1970.313
2021-07-20,2000.2329
2021-07-21,2106.8414
2021-07-22,2166.4386
2021-07-23,2169.9306
2021-07-26,2172.5992
2021-07-27,2072.3387
2021-07-28,2033.7092
2021-07-29,2170.2375
2021-07-30,2270.3575
2021-08-02,2254.6198
2021-08-03,2125.5827
2021-08-04,2260.2074
2021-08-05,2215.7494
2021-08-06,2307.0569
2021-08-09,2276.2163
2021-08-10,2267.5984
2021-08-11,2325.5639
2021-08-12,2328.5028
2021-08-13,2338.4569
2021-08-16,2218.3562
2021-08-17,2165.7533
2021-08-18,2183.1389
2021-08-19,2191.3544
2021-08-20,2231.0353
2021-08-23,2331.3041
2021-08-24,2365.0019
2021-08-25,2415.5827
2021-08-26,2452.0051
2021-08-27,2491.5534
2021-08-30,2571.2622
2021-08-31,2667.6783
2021-09-01,2506.995
2021-09-02,2583.7879
2021-09-03,2500.9438
2021-09-06,2502.0377
2021-09-07,2610.3336
2021-09-08,2608.9674
2021-09-09,2666.2957
2021-09-10,2709.9493
2021-09-13,2728.8695
2021-09-14,2703.7105
2021-09-15,2687.8301
2021-09-16,2565.8204
2021-09-17,2506.9339
2021-09-22,2516.1938
2021-09-23,2524.3299
2021-09-24,2481.8347
2021-09-27,2270.3313
2021-09-28,2262.007
2021-09-29,2148.421
2021-09-30,2217.825
2021-10-08,2189.2216
2021-10-11,2181.2615
2021-10-12,2099.4655
2021-10-13,2151.0838
2021-10-14,2151.3703
2021-10-15,2175.2363
2021-10-18,2213.9153
2021-10-19,2215.6348
2021-10-20,2250.2313
2021-10-21,2299.2334
2021-10-22,2238.1791
2021-10-25,2314.6184
2021-10-26,2352.5929
2021-10-27,2348.6781
2021-10-28,2239.934
2021-10-29,2269.9326
2021-11-01,2232.1672
2021-11-02,2186.3971
2021-11-03,2205.5248
2021-11-04,2253.8897
2021-11-05,2226.2152
2021-11-08,2299.0475
2021-11-09,2293.0267
2021-11-10,2261.6628
2021-11-11,2249.1815
2021-11-12,2277.3235
2021-11-15,2228.7679
2021-11-16,2205.1433
2021-11-17,2311.0971
2021-11-18,2327.3298
2021-11-19,2327.6828
2021-11-22,2418.7254
2021-11-23,2452.3231
2021-11-24,2542.188
2021-11-25,2542.5052
2021-11-26,2625.8311
2021-11-29,2651.5726
2021-11-30,2608.9924
2021-12-01,2586.598
2021-12-02,2628.874
2021-12-03,2591.611
2021-12-06,2576.1748
2021-12-07,2523.8673
2021-12-08,2563.4149
2021-12-09,2549.5715
2021-12-10,2562.2519
2021-12-13,2580.8026
2021-12-14,2530.8807
2021-12-15,2525.6786
2021-12-16,2548.07
2021-12-17,2478.7338
2021-12-20,2463.3394
2021-12-21,2455.5007
2021-12-22,2464.4809
2021-12-23,2472.9704
2021-12-24,2376.5298
2021-12-27,2364.6208
2021-12-28,2407.4991
2021-12-29,2383.5468
2021-12-30,2401.5015
2021-12-31,2411.74
2022-01-04,2357.353
2022-01-05,2270.6421
2022-01-06,2303.5037
2022-01-07,2255.133
2022-01-10,2256.3901
2022-01-11,2232.9383
2022-01-12,2270.9336
2022-01-13,2205.8694
2022-01-14,2231.2621
2022-01-17,2224.9752
2022-01-18,2223.6261
2022-01-19,2171.6313
2022-01-20,2100.4754
2022-01-21,2091.4335
2022-01-24,2127.3797
2022-01-25,2059.5216
2022-01-26,2085.9993
2022-01-27,2022.1341
2022-01-28,1998.8147
2022-02-07,2081.8202
2022-02-08,2086.9633
2022-02-09,2136.6328
2022-02-10,2131.968
2022-02-11,2093.852
2022-02-14,2107.4738
2022-02-15,2136.1296
2022-02-16,2182.9935
2022-02-17,2220.3777
2022-02-18,2215.5903
2022-02-21,2216.1774
2022-02-22,2226.6623
2022-02-23,2265.1731
2022-02-24,2225.3059
2022-02-25,2268.3542
2022-02-28,2295.965
2022-03-01,2260.7516
2022-03-02,2266.643
2022-03-03,2243.191
2022-03-04,2201.2368
2022-03-07,2141.0605
2022-03-08,2044.5476
2022-03-09,2004.7255
2022-03-10,2050.2175
2022-03-11,2050.1799
2022-03-14,1979.2689
2022-03-15,1876.8186
2022-03-16,1954.6927
2022-03-17,1995.2478
2022-03-18,2003.2002
2022-03-21,2021.1024
2022-03-22,2016.2298
2022-03-23,2021.3209
2022-03-24,2006.7289
2022-03-25,1972.4598
2022-03-28,1946.3863
2022-03-29,1920.6179
2022-03-30,1974.4916
2022-03-31,1933.5721
2022-04-01,1937.2732
2022-04-06,1925.9962
2022-04-07,1886.0965
2022-04-08,1877.9151
2022-04-11,1776.2455
2022-04-12,1818.2306
2022-04-13,1805.9498
2022-04-14,1813.1388
2022-04-15,1778.5321
2022-04-18,1785.1157
2022-04-19,1807.0871
2022-04-20,1761.219
2022-04-21,1684.0135
2022-04-22,1655.3145
2022-04-25,1504.7515
2022-04-26,1463.0042
2022-04-27,1570.7609
2022-04-28,1557.9905
2022-04-29,1643.3361
2022-05-05,1664.9918
2022-05-06,1615.7469
2022-05-09,1674.2243
2022-05-10,1700.3331
2022-05-11,1735.1508
2022-05-12,1732.5926
2022-05-13,1740.8056
2022-05-16,1736.3788
2022-05-17,1779.5485
2022-05-18,1789.9908
2022-05-19,1827.373
2022-05-20,1871.6547
2022-05-23,1918.462
2022-05-24,1844.3494
2022-05-25,1864.2137
2022-05-26,1862.259
2022-05-27,1857.7238
2022-05-30,1869.4404
2022-05-31,1886.1896
2022-06-01,1875.7397
2022-06-02,1935.0123
2022-06-06,2003.3591
2022-06-07,1987.6809
2022-06-08,2019.1571
2022-06-09,1987.7432
2022-06-10,2059.0866
2022-06-13,2104.71
2022-06-14,2114.5872
2022-06-15,2080.5885
2022-06-16,2092.7556
2022-06-17,2134.6893
2022-06-20,2142.7112
2022-06-21,2068.2108
2022-06-22,2059.2375
2022-06-23,2117.1305
2022-06-24,2147.9686
2022-06-27,2180.383
2022-06-28,2228.5565
2022-06-29,2125.9354
2022-06-30,2183.6288
2022-07-01,2188.6372
2022-07-04,2230.5795
2022-07-05,2236.7065
2022-07-06,2197.8547
2022-07-07,2225.5853
2022-07-08,2205.2331
2022-07-11,2147.1658
2022-07-12,2095.5135
2022-07-13,2124.4153
2022-07-14,2154.5913
2022-07-15,2143.7594
2022-07-18,2184.8452
2022-07-19,2210.9261
2022-07-20,2225.7253
2022-07-21,2192.9902
2022-07-22,2176.569
2022-07-25,2135.5415
2022-07-26,2167.4562
2022-07-27,2209.4684
2022-07-28,2229.9242
2022-07-29,2219.0477
2022-08-01,2228.6742
2022-08-02,2130.072
2022-08-03,2138.0729
2022-08-04,2139.2639
2022-08-05,2183.7401
2022-08-08,2212.771
2022-08-09,2234.3561
2022-08-10,2232.8858
2022-08-11,2248.4727
2022-08-12,2228.3801
2022-08-15,2278.2275
2022-08-16,2252.1697
2022-08-17,2234.5691
2022-08-18,2250.7333
2022-08-19,2179.0375
2022-08-22,2209.7981
2022-08-23,2208.7467
2022-08-24,2110.7428
2022-08-25,2093.7153
2022-08-26,2119.7232
2022-08-29,2114.6525
2022-08-30,2089.0937
2022-08-31,2004.2134
2022-09-01,1987.7892
2022-09-02,1997.2294
2022-09-05,1996.7227
2022-09-06,2053.9304
2022-09-07,2079.5451
2022-09-08,2050.3389
2022-09-09,2056.485
2022-09-13,2063.9037
2022-09-14,2028.3043
2022-09-15,1946.8324
2022-09-16,1885.8331
2022-09-19,1864.042
2022-09-20,1917.0707
2022-09-21,1945.8595
2022-09-22,1942.0633
2022-09-23,1909.8865
2022-09-26,1889.0032
2022-09-27,1903.7362
2022-09-28,1815.6902
2022-09-29,1825.1982
2022-09-30,1787.7363
2022-10-10,1746.4736
2022-10-11,1777.2181
2022-10-12,1826.9296
2022-10-13,1847.3257
2022-10-14,1888.742
2022-10-17,1890.2251
2022-10-18,1887.9872
2022-10-19,1862.1233
2022-10-20,1840.9646
2022-10-21,1831.9512
2022-10-24,1822.8745
2022-10-25,1823.7682
2022-10-26,1845.0195
2022-10-27,1834.5147
2022-10-28,1749.4761
2022-10-31,1746.5138
2022-11-01,1831.2417
2022-11-02,1865.5485
2022-11-03,1869.7257
2022-11-04,1929.8603
2022-11-07,1951.533
2022-11-08,1950.8081
2022-11-09,1927.9689
2022-11-10,1900.3074
2022-11-11,1901.1126
2022-11-14,1861.4054
2022-11-15,1906.7514
2022-11-16,1878.2216
2022-11-17,1860.6065
2022-11-18,1839.0756
2022-11-21,1850.2551
2022-11-22,1832.4869
2022-11-23,1848.138
2022-11-24,1857.3619
2022-11-25,1826.0543
2022-11-28,1809.401
2022-11-29,1838.2201
2022-11-30,1841.2215
2022-12-01,1862.6301
2022-12-02,1856.9723
2022-12-05,1896.4008
2022-12-06,1888.4092
2022-12-07,1879.6533
2022-12-08,1862.753
2022-12-09,1873.2275
2022-12-12,1836.0632
2022-12-13,1844.5213
2022-12-14,1838.5829
2022-12-15,1847.7894
2022-12-16,1811.4779
2022-12-19,1777.7876
2022-12-20,1777.9694
2022-12-21,1757.2102
2022-12-22,1718.3287
2022-12-23,1716.7364
2022-12-26,1754.0078
2022-12-27,1789.2218
2022-12-28,1775.7953
2022-12-29,1756.8015
2022-12-30,1748.2022
2023-01-03,1793.2934
2023-01-04,1768.5207
2023-01-05,1787.1388
2023-01-06,1815.7621
2023-01-09,1839.8097
2023-01-10,1825.9646
2023-01-11,1816.6914
2023-01-12,1818.6195
2023-01-13,1818.7321
2023-01-16,1840.7627
2023-01-17,1848.5444
2023-01-18,1853.6893
2023-01-19,1862.4221
2023-01-20,1918.0756
2023-01-30,1957.3493
2023-01-31,1976.5666
2023-02-01,2038.3905
2023-02-02,2020.7737
2023-02-03,1998.9224
2023-02-06,1982.324
2023-02-07,1996.2725
2023-02-08,1974.3836
2023-02-09,1999.9542
2023-02-10,1982.7445
2023-02-13,1996.396
2023-02-14,2010.8054
2023-02-15,1995.9296
2023-02-16,1934.6264
2023-02-17,1928.493
2023-02-20,1955.9558
2023-02-21,1991.0986
2023-02-22,1977.6959
2023-02-23,1979.7596
2023-02-24,1959.281
2023-02-27,1945.971
2023-02-28,1955.5847
2023-03-01,1971.2437
2023-03-02,1925.5892
2023-03-03,1926.1752
2023-03-06,1916.4437
2023-03-07,1881.4099
2023-03-08,1881.1635
2023-03-09,1872.6478
2023-03-10,1838.6862
2023-03-13,1838.5651
2023-03-14,1820.8379
2023-03-15,1837.3323
2023-03-16,1790.6068
2023-03-17,1801.58
2023-03-20,1808.9315
2023-03-21,1834.7171
2023-03-22,1828.0275
2023-03-23,1836.4154
2023-03-24,1835.4383
2023-03-27,1830.5651
2023-03-28,1803.3136
2023-03-29,1796.8571
2023-03-30,1802.0356
2023-03-31,1817.3621
2023-04-03,1841.8427
2023-04-04,1821.5091
2023-04-06,1833.822
2023-04-07,1829.9447
2023-04-10,1827.0404
2023-04-11,1845.5185
2023-04-12,1852.1185
2023-04-13,1838.7509
2023-04-14,1856.5813
2023-04-17,1874.5858
2023-04-18,1859.0033
2023-04-19,1841.7528
2023-04-20,1819.1498
2023-04-21,1767.3013
2023-04-24,1752.1232
2023-04-25,1708.5277
2023-04-26,1739.4399
2023-04-27,1731.0473
2023-04-28,1746.8798
2023-05-04,1729.577
2023-05-05,1701.3047
2023-05-08,1722.7535
2023-05-09,1727.3915
2023-05-10,1735.1876
2023-05-11,1730.177
2023-05-12,1692.6189
2023-05-15,1734.586
2023-05-16,1726.0268
2023-05-17,1731.9174
2023-05-18,1730.6144
2023-05-19,1723.0386
2023-05-22,1722.0012
2023-05-23,1699.1811
2023-05-24,1691.4191
2023-05-25,1684.5944
2023-05-26,1676.3938
2023-05-29,1670.1631
2023-05-30,1670.7616
2023-05-31,1665.8869
2023-06-01,1671.3096
2023-06-02,1705.3911
2023-06-05,1694.4174
2023-06-06,1657.6103
2023-06-07,1650.3279
2023-06-08,1654.4072
2023-06-09,1666.0056
2023-06-12,1673.9082
2023-06-13,1674.4179
2023-06-14,1671.9225
2023-06-15,1701.2188
2023-06-16,1716.2923
2023-06-19,1709.1492
2023-06-20,1707.366
2023-06-21,1684.5129
2023-06-26,1675.3877
2023-06-27,1691.6254
2023-06-28,1685.4176
2023-06-29,1715.6525
2023-06-30,1734.5946
2023-07-03,1740.942
2023-07-04,1750.7428
2023-07-05,1810.7644
2023-07-06,1772.3806
2023-07-07,1759.0967
2023-07-10,1750.245
2023-07-11,1758.2219
2023-07-12,1743.674
2023-07-13,1763.7136
2023-07-14,1742.869
2023-07-17,1705.536
2023-07-18,1712.4743
2023-07-19,1701.5221
2023-07-20,1690.3495
2023-07-21,1682.1732
2023-07-24,1669.9464
2023-07-25,1702.4011
2023-07-26,1689.3517
2023-07-27,1679.6224
2023-07-28,1694.2171
2023-07-31,1710.9013
2023-08-01,1717.5145
2023-08-02,1710.8118
2023-08-03,1708.5033
2023-08-04,1713.5599
2023-08-07,1721.8721
2023-08-08,1715.7148
2023-08-09,1700.3054
2023-08-10,1698.8091
2023-08-11,1659.7508
2023-08-14,1654.9486
2023-08-15,1638.3627
2023-08-16,1617.2105
2023-08-17,1632.0118
2023-08-18,1602.3757
2023-08-21,1586.3319
2023-08-22,1583.3923
2023-08-23,1541.7017
2023-08-24,1543.174
2023-08-25,1518.5958
2023-08-28,1541.1029
2023-08-29,1579.4402
2023-08-30,1577.1431
2023-08-31,1564.5007
2023-09-01,1580.3996
2023-09-04,1623.2625
2023-09-05,1618.6156
2023-09-06,1619.2755
2023-09-07,1587.8777
2023-09-08,1583.5694
2023-09-11,1598.3479
2023-09-12,1601.1528
2023-09-13,1581.8275
2023-09-14,1574.7436
2023-09-15,1575.6088
2023-09-18,1587.3615
2023-09-19,1564.994
2023-09-20,1545.9316
2023-09-21,1533.8263
2023-09-22,1557.8754
2023-09-25,1540.6291
2023-09-26,1525.6698
2023-09-27,1533.2045
2023-09-28,1542.7086
2023-10-09,1540.5227
2023-10-10,1544.2047
2023-10-11,1544.2673
2023-10-12,1567.6205
2023-10-13,1549.514
2023-10-16,1521.5429
2023-10-17,1515.9372
2023-10-18,1484.0782
2023-10-19,1467.089
2023-10-20,1463.1362
2023-10-23,1412.7283
2023-10-24,1444.6584
2023-10-25,1455.3538
2023-10-26,1467.0187
2023-10-27,1493.4335
2023-10-30,1507.4385
2023-10-31,1502.6561
2023-11-01,1506.2934
2023-11-02,1488.7623
2023-11-03,1509.406
2023-11-06,1539.7097
2023-11-07,1541.3949
2023-11-08,1532.4377
2023-11-09,1530.8901
2023-11-10,1525.9884
2023-11-13,1535.8041
2023-11-14,1536.7396
2023-11-15,1557.8227
2023-11-16,1535.9848
2023-11-17,1544.5723
2023-11-20,1557.3006
2023-11-21,1545.8589
2023-11-22,1515.1997
2023-11-23,1528.2344
2023-11-24,1508.1229
2023-11-27,1498.2401
2023-11-28,1507.057
2023-11-29,1503.3196
2023-11-30,1492.8475
2023-12-01,1489.7985
2023-12-04,1491.1081
2023-12-05,1462.4409
2023-12-06,1484.6793
2023-12-07,1476.0706
2023-12-08,1471.8048
2023-12-11,1478.7263
2023-12-12,1475.0192
2023-12-13,1454.4846
2023-12-14,1442.0107
2023-12-15,1435.9353
2023-12-18,1407.7246
2023-12-19,1402.1665
2023-12-20,1384.2439
2023-12-21,1404.1971
2023-12-22,1418.1166
2023-12-25,1429.471
2023-12-26,1413.2412
2023-12-27,1418.464
2023-12-28,1462.4631
2023-12-29,1471.5497
2024-01-02,1468.8973
2024-01-03,1455.0704
2024-01-04,1433.9737
2024-01-05,1413.0545
2024-01-08,1380.5451
2024-01-09,1384.1434
2024-01-10,1380.9845
2024-01-11,1406.7856
2024-01-12,1398.2529
2024-01-15,1385.8769
2024-01-16,1383.7147
2024-01-17,1346.9197
2024-01-18,1342.8483
2024-01-19,1332.4854
2024-01-22,1264.783
2024-01-23,1283.0279
2024-01-24,1300.2977
2024-01-25,1343.7665
2024-01-26,1335.1612
2024-01-29,1311.1713
2024-01-30,1272.9194
2024-01-31,1233.0115
2024-02-01,1218.7926
2024-02-02,1169.187
2024-02-05,1112.3848
2024-02-06,1200.1095
2024-02-07,1284.4534
2024-02-08,1313.7008
2024-02-19,1310.2595
2024-02-20,1302.0704
2024-02-21,1309.9967
2024-02-22,1324.3359
2024-02-23,1335.5011
2024-02-26,1342.4455
2024-02-27,1367.4243
2024-02-28,1326.3571
2024-02-29,1366.1106
2024-03-01,1379.0759
2024-03-04,1378.6204
2024-03-05,1375.1351
2024-03-06,1380.2159
2024-03-07,1393.5968
2024-03-08,1405.5543
2024-03-11,1429.4458
2024-03-12,1416.1543
2024-03-13,1416.1747
2024-03-14,1411.9885
2024-03-15,1451.1368
2024-03-18,1477.9912
2024-03-19,1495.5089
2024-03-20,1495.1058
2024-03-21,1497.0558
2024-03-22,1465.7007
2024-03-25,1444.584
2024-03-26,1437.9223
2024-03-27,1394.6634
2024-03-28,1425.1097
2024-03-29,1449.4664
2024-04-01,1474.9159
2024-04-02,1490.1639
2024-04-03,1514.2724
2024-04-08,1493.5152
2024-04-09,1541.002
2024-04-10,1494.7777
2024-04-11,1491.4605
2024-04-12,1480.7278
2024-04-15,1466.6134
2024-04-16,1403.7967
2024-04-17,1459.3489
2024-04-18,1459.032
2024-04-19,1428.7976
2024-04-22,1411.0946
2024-04-23,1376.7907
2024-04-24,1412.307
2024-04-25,1416.326
2024-04-26,1441.023
2024-04-29,1468.3933
2024-04-30,1437.8692
2024-05-06,1467.2334
2024-05-07,1479.3174
2024-05-08,1463.9747
2024-05-09,1503.6895
2024-05-10,1490.2871
2024-05-13,1465.9186
2024-05-14,1464.1207
2024-05-15,1441.9467
2024-05-16,1432.6701
2024-05-17,1452.2203
2024-05-20,1476.3575
2024-05-21,1448.2559
2024-05-22,1457.6419
2024-05-23,1415.581
2024-05-24,1401.3309
2024-05-27,1413.7715
2024-05-28,1408.8341
2024-05-29,1434.6635
2024-05-30,1414.8946
2024-05-31,1408.8597
2024-06-03,1378.4019
2024-06-04,1386.103
2024-06-05,1362.5677
2024-06-06,1339.644
2024-06-07,1342.3012
2024-06-11,1340.4211
2024-06-12,1352.8436
2024-06-13,1336.4239
2024-06-14,1344.8512
2024-06-17,1344.4021
2024-06-18,1360.814
2024-06-19,1346.6155
2024-06-20,1316.3522
2024-06-21,1309.786
2024-06-24,1275.1509
2024-06-25,1273.8147
2024-06-26,1308.218
2024-06-27,1283.9709
2024-06-28,1308.0433
2024-07-01,1336.9012
2024-07-02,1308.258
2024-07-03,1292.0394
2024-07-04,1265.0348
2024-07-05,1282.5105
2024-07-08,1265.3688
2024-07-09,1290.8011
2024-07-10,1275.5695
2024-07-11,1317.9964
2024-07-12,1300.7135
2024-07-15,1289.3289
2024-07-16,1299.0798
2024-07-17,1276.9416
2024-07-18,1276.8924
2024-07-19,1277.243
2024-07-22,1279.1302
2024-07-23,1242.2992
2024-07-24,1227.5017
2024-07-25,1230.4971
2024-07-26,1262.179
2024-07-29,1260.3223
2024-07-30,1258.2242
2024-07-31,1302.613
2024-08-01,1299.5707
2024-08-02,1282.3372
2024-08-05,1248.9507
2024-08-06,1262.9219
2024-08-07,1260.9681
2024-08-08,1257.3941
2024-08-09,1250.2764
2024-08-12,1243.8183
2024-08-13,1254.3034
2024-08-14,1238.0473
2024-08-15,1247.2538
2024-08-16,1238.3512
2024-08-19,1242.4925
2024-08-20,1221.0334
2024-08-21,1232.2133
2024-08-22,1214.3632
2024-08-23,1209.1958
2024-08-26,1237.351
2024-08-27,1214.9245
2024-08-28,1221.5691
2024-08-29,1251.4798
2024-08-30,1272.9159
2024-09-02,1251.0428
2024-09-03,1262.7044
2024-09-04,1251.6349
2024-09-05,1253.0446
2024-09-06,1230.1458
2024-09-09,1221.4036
2024-09-10,1219.0088
2024-09-11,1222.6137
2024-09-12,1215.8532
2024-09-13,1197.3239
2024-09-18,1193.8261
2024-09-19,1224.9078
2024-09-20,1223.108
2024-09-23,1215.7348
2024-09-24,1263.9109
2024-09-25,1273.376
2024-09-26,1316.3857
2024-09-27,1387.6813
2024-09-30,1527.3832
2024-10-08,1633.4412
2024-10-09,1492.8441
2024-10-10,1510.5665
2024-10-11,1444.8188
2024-10-14,1482.8049
2024-10-15,1442.8259
2024-10-16,1434.3438
2024-10-17,1422.5983
2024-10-18,1470.8954
2024-10-21,1500.605
2024-10-22,1534.3808
2024-10-23,1554.5013
2024-10-24,1528.4889
2024-10-25,1576.7171
2024-10-28,1595.2684
2024-10-29,1572.4906
2024-10-30,1570.9145
2024-10-31,1609.4013
2024-11-01,1709.8853
2024-11-04,1700.4185
2024-11-05,1793.3054
2024-11-06,1828.1016
2024-11-07,1821.2207
2024-11-08,1804.6297
2024-11-11,1835.9752
2024-11-12,1808.1387
2024-11-13,1825.8074
2024-11-14,1739.4567
2024-11-15,1692.9414
2024-11-18,1654.8834
2024-11-19,1687.4101
2024-11-20,1708.7768
2024-11-21,1708.9291
2024-11-22,1702.0939
2024-11-25,1708.9386
2024-11-26,1659.9492
2024-11-27,1676.8703
2024-11-28,1653.0145
2024-11-29,1685.0587
2024-12-02,1718.82
2024-12-03,1725.1491
2024-12-04,1723.0422
2024-12-05,1711.9954
2024-12-06,1716.454
2024-12-09,1699.1193
2024-12-10,1710.8534
2024-12-11,1725.7757
2024-12-12,1714.8487
2024-12-13,1675.1974
2024-12-16,1649.2272
2024-12-17,1634.2732
2024-12-18,1636.8432
2024-12-19,1640.6821
2024-12-20,1643.6713
2024-12-23,1611.1236
2024-12-24,1637.3625
2024-12-25,1612.9879
2024-12-26,1633.1283
2024-12-27,1639.2714
2024-12-30,1637.4545
2024-12-31,1583.3506
2025-01-02,1540.609
2025-01-03,1515.8464
2025-01-06,1536.2474
2025-01-07,1571.7736
2025-01-08,1547.478
2025-01-09,1561.8013
2025-01-10,1549.0338
2025-01-13,1565.1897
2025-01-14,1628.5673
2025-01-15,1621.4524
2025-01-16,1625.907
2025-01-17,1631.4447
2025-01-20,1623.6875
2025-01-21,1617.3336
2025-01-22,1606.5494
2025-01-23,1602.4543
2025-01-24,1634.3663
2025-01-27,1594.4356
2025-02-05,1625.4912
2025-02-06,1701.2831
2025-02-07,1715.2665
2025-02-10,1716.3247
2025-02-11,1703.9128
2025-02-12,1711.3061
2025-02-13,1673.3527
2025-02-14,1673.5911
2025-02-17,1678.4136
2025-02-18,1653.3748
2025-02-19,1707.7425
2025-02-20,1729.9939
2025-02-21,1736.0778
2025-02-24,1741.1664
2025-02-25,1725.7042
2025-02-26,1748.082
2025-02-27,1732.3161
2025-02-28,1690.7857
2025-03-03,1723.7432
2025-03-04,1734.2378
2025-03-05,1724.7824
2025-03-06,1746.4114
2025-03-07,1760.2888
2025-03-10,1772.0188
2025-03-11,1806.5856
2025-03-12,1794.5015
2025-03-13,1770.6482
2025-03-14,1785.4724
2025-03-17,1784.228
2025-03-18,1805.5915
2025-03-19,1800.1986
2025-03-20,1787.022
2025-03-21,1743.5827
2025-03-24,1751.1977
2025-03-25,1748.0857
2025-03-26,1783.6585
2025-03-27,1757.4708
2025-03-28,1747.1668
2025-03-31,1700.3093
2025-04-01,1709.8592
2025-04-02,1714.2789
2025-04-03,1703.3201
2025-04-07,1573.6843
2025-04-08,1583.209
2025-04-09,1613.7518
2025-04-10,1629.2072
2025-04-11,1628.6653
2025-04-14,1636.8338
2025-04-15,1620.7842
2025-04-16,1608.6138
2025-04-17,1598.3028
2025-04-18,1584.832
2025-04-21,1610.7616
2025-04-22,1593.6936
2025-04-23,1626.1933
2025-04-24,1604.4358
2025-04-25,1609.571
2025-04-28,1608.1083
2025-04-29,1610.594
2025-04-30,1623.1213
2025-05-06,1698.4425
2025-05-07,1690.9287
2025-05-08,1702.9557
2025-05-09,1690.1407
2025-05-12,1723.1167
2025-05-13,1707.1768
2025-05-14,1726.0456
2025-05-15,1724.1378
2025-05-16,1719.0671
2025-05-19,1700.8217
2025-05-20,1711.2443
2025-05-21,1703.9056
2025-05-22,1673.6424
2025-05-23,1663.7366
2025-05-26,1675.7674
2025-05-27,1657.5625
2025-05-28,1652.1744
2025-05-29,1676.6236
2025-05-30,1651.1217
2025-06-03,1673.5633
2025-06-04,1710.9394
2025-06-05,1724.6961
2025-06-06,1719.2901
2025-06-09,1759.6706
2025-06-10,1757.6327
2025-06-11,1813.9161
2025-06-12,1813.0327
2025-06-13,1793.488
2025-06-16,1817.1252
2025-06-17,1803.7463
2025-06-18,1771.2826
2025-06-19,1737.2421
2025-06-20,1731.8069
2025-06-23,1750.261
2025-06-24,1781.0383
2025-06-25,1792.0227
2025-06-26,1770.9406
2025-06-27,1789.0951
2025-06-30,1826.4063
2025-07-01,1828.4894
2025-07-02,1816.7998
2025-07-03,1823.086
2025-07-04,1792.355
2025-07-07,1795.6833
2025-07-08,1830.1841
2025-07-09,1802.9848
2025-07-10,1863.6152
2025-07-11,1960.0218
2025-07-14,1956.0763
2025-07-15,1936.726
2025-07-16,1931.9476
2025-07-17,1955.2572
2025-07-18,2026.3069
2025-07-21,2090.2866
2025-07-22,2094.606
2025-07-23,2099.699
2025-07-24,2208.8594
2025-07-25,2219.7066
2025-07-28,2253.9436
2025-07-29,2239.9338
2025-07-30,2208.3685
2025-07-31,2145.9994
2025-08-01,2105.725
2025-08-04,2122.3985
2025-08-05,2134.2578
2025-08-06,2154.4606
2025-08-07,2223.8611
2025-08-08,2220.0034
2025-08-11,2237.0222
2025-08-12,2197.9464
2025-08-13,2235.55
2025-08-14,2232.7597
2025-08-15,2304.9297
2025-08-18,2426.263
2025-08-19,2460.2279
2025-08-20,2495.0119
2025-08-21,2447.9398
2025-08-22,2503.2058
2025-08-25,2664.9445
2025-08-26,2601.7521
2025-08-27,2649.5733
2025-08-28,2739.3711
2025-08-29,2770.4883
2025-09-01,2765.8899
2025-09-02,2676.8168
2025-09-03,2630.6004
2025-09-04,2500.1811
2025-09-05,2599.605
2025-09-08,2618.3789
2025-09-09,2578.1475
2025-09-10,2558.2621
2025-09-11,2642.3878
2025-09-12,2714.249
2025-09-15,2691.9743
2025-09-16,2662.3274
2025-09-17,2709.1601
2025-09-18,2648.2548
2025-09-19,2597.5913
2025-09-22,2625.4736
2025-09-23,2575.8045
2025-09-24,2599.7057
2025-09-25,2616.1606
2025-09-26,2588.4007
2025-09-29,2644.8361
2025-09-30,2701.7078
2025-10-09,2885.8283
2025-10-10,2802.3564
2025-10-13,2979.6892
2025-10-14,2917.227
2025-10-15,2913.8765
2025-10-16,2826.5529
2025-10-17,2749.1089
2025-10-20,2752.5826
2025-10-21,2788.8128
2025-10-22,2746.5172
2025-10-23,2729.9564
2025-10-24,2793.3398
2025-10-27,2869.0504
2025-10-28,2829.1353
2025-10-29,2898.9093
2025-10-30,2923.7688
2025-10-31,2842.6381
2025-11-03,2802.2465
2025-11-04,2766.2412
2025-11-05,2761.8146
2025-11-06,2800.8783
2025-11-07,2795.1297
2025-11-10,2758.6255
2025-11-11,2727.6533
2025-11-12,2683.2953
2025-11-13,2743.3737
2025-11-14,2704.1527
2025-11-17,2719.7187
2025-11-18,2667.6709
2025-11-19,2685.053
2025-11-20,2684.8082
2025-11-21,2550.2263
2025-11-24,2570.4583
2025-11-25,2599.2589
2025-11-26,2585.813
2025-11-27,2577.9881
2025-11-28,2623.7148
2025-12-01,2683.0813
2025-12-02,2642.1982
2025-12-03,2639.3975
2025-12-04,2619.9395
2025-12-05,2681.6086
2025-12-08,2705.7983
2025-12-09,2665.5234
2025-12-10,2665.8881
2025-12-11,2648.4016
2025-12-12,2678.8325
2025-12-15,2647.7963
2025-12-16,2571.5507
2025-12-17,2633.7638
2025-12-18,2600.0643
2025-12-19,2659.9955
2025-12-22,2711.3199
2025-12-23,2712.5187
2025-12-24,2727.2844
2025-12-25,2755.4729
2025-12-26,2784.8531
2025-12-29,2784.0774
2025-12-30,2801.0395
2025-12-31,2806.6986
2026-01-05,2872.0183
2026-01-06,2949.6767
2026-01-07,3043.8891
2026-01-08,3012.7581
2026-01-09,3114.2516
2026-01-12,3235.8049
2026-01-13,3163.101
2026-01-14,3126.4249
2026-01-15,3117.2749
2026-01-16,3109.9996
2026-01-19,3135.3434
2026-01-20,3082.8989
2026-01-21,3130.1186
2026-01-22,3162.7116
2026-01-23,3243.0119
2026-01-26,3260.7429
2026-01-27,3213.6775
2026-01-28,3282.2163
2026-01-29,3310.4614
2026-01-30,3122.0383
2026-02-02,2960.7515
2026-02-03,3096.4153
2026-02-04,3103.0987
2026-02-05,2967.5832
2026-02-06,3015.1544
2026-02-09,3115.3461
2026-02-10,3138.5926
2026-02-11,3217.2129
2026-02-12,3272.755
2026-02-13,3181.4288
2026-02-24,3240.1607
2026-02-25,3437.1952
2026-02-26,3412.244
2026-02-27,3546.8591
2026-03-02,3534.4463
2026-03-03,3306.9525
2026-03-04,3339.7526
2026-03-05,3328.868
2026-03-06,3298.5798
2026-03-09,3264.1551
2026-03-10,3301.5582
2026-03-11,3270.4746
2026-03-12,3257.6763
2026-03-13,3190.0789
2026-03-16,3120.6362
2026-03-17,3032.905
2026-03-18,3053.1635
2026-03-19,2906.2729
2026-03-20,2856.1773
2026-03-23,2760.0433
2026-03-24,2810.3052
2026-03-25,2888.3715
2026-03-26,2846.7744
2026-03-27,2902.1541
2026-03-30,2891.7048
2026-03-31,2845.3543
2026-04-01,2878.1317
2026-04-02,2809.4179
2026-04-03,2781.2922
2026-04-07,2841.0762
2026-04-08,2964.5629
