Date,crisis_prob,stress_prob,normal_prob,regime,re_residual
2016-04-10,0.6391600109764601,0.36083998902353853,1.3809788439385e-60,crisis,-0.2824181001397085
2016-04-17,0.043437941022209006,0.9565620589777897,6.224267662186134e-136,stress,0.7662789451962089
2016-04-24,0.054986277242553186,0.9450137227574456,5.573369947051708e-106,stress,0.6909681528657419
2016-05-01,0.6289172144455658,0.37108278555443297,6.395833828296595e-37,crisis,-0.18786698429331644
2016-05-08,0.8546605143025147,0.14533948569748417,8.269154825800199e-105,crisis,-0.4209854143651686
2016-05-15,0.7766641876293785,0.22333581237062047,4.937069975978779e-54,crisis,-0.262658521366703
2016-05-22,0.5764109238692567,0.42358907613074226,6.06785529744636e-21,crisis,-0.10680897687572392
2016-05-29,0.22651954654351547,0.7734696550685316,1.0798387952047583e-05,stress,0.24280092474195403
2016-06-05,0.08516880394841816,0.9148311960515807,1.6913874857691835e-126,stress,0.7471313274438142
2016-06-12,0.32186736735846044,0.6345935412723166,0.043539091369221745,stress,0.11889139359880614
2016-06-19,0.7638725324823497,0.23612746751764915,3.2717713938698054e-62,crisis,-0.29232676766930465
2016-06-26,0.839887610957569,0.16011238904242986,1.362833899945312e-145,crisis,-0.519155295803075
2016-07-03,0.09051236527007568,0.9094876347299232,8.482479073002362e-79,stress,0.6144249070772639
2016-07-10,0.1133709500076347,0.8866290499923642,1.011926337612924e-17,stress,0.348696417785166
2016-07-17,0.1334743491641931,0.8665256508358058,7.397631282532378e-44,stress,0.4898370081105883
2016-07-24,0.8235530813692366,0.17644691863076217,9.196469462321317e-108,crisis,-0.42724890600568594
2016-07-31,0.9242679151474391,0.07573208485255956,5.694320477903008e-36,crisis,-0.19269250485757886
2016-08-07,0.19832475323556872,0.09153692126288267,0.7101383255015477,normal,0.09948922887480267
2016-08-14,0.08274458535921891,0.09832129366347925,0.8189341209773005,normal,0.15267446176732294
2016-08-21,0.248175785702689,0.09822060364258922,0.6536036106547204,normal,0.18154843952852315
2016-08-28,0.9753013299871798,0.024698670012818787,8.02965365601192e-198,crisis,-0.632037615379715
2016-09-04,0.7311867439773992,0.26881325602259953,5.264962311948961e-20,crisis,-0.10474830664116659
2016-09-11,0.7525867724803228,0.24741322751967593,3.952638132770999e-30,crisis,-0.1607344028889437
2016-09-18,0.916955082819761,0.08304491718023758,3.7838573594204275e-180,crisis,-0.5952324211499962
2016-09-25,0.6549799627305759,0.34502003726942243,2.7974812965759714e-16,crisis,-0.07949534917943818
2016-10-02,0.5328890138363109,0.4614705332338515,0.005640452929836088,crisis,0.054883244574425616
2016-10-09,0.7731614156235461,0.22683858437645243,5.424020181470853e-65,crisis,-0.30151309216048733
2016-10-16,0.7383927170836937,0.2616072829163049,1.430058901469953e-72,crisis,-0.32509194747200787
2016-10-23,0.18522420456280383,0.8147757954371948,5.216285348085441e-40,stress,0.47589959163611867
2016-10-30,0.49046494907190624,0.5095350509280925,1.5221680158521413e-29,stress,-0.15307230453355986
2016-11-06,0.24564427445342235,0.7403887122795707,0.013967013267005609,stress,0.1673091830979215
2016-11-13,0.04985215754512071,0.9501478424548779,3.375489335312741e-168,stress,0.8409877860121344
2016-11-20,0.45294942764922114,0.5470505723507775,5.488043298766556e-43,stress,-0.20911795114826176
2016-11-27,0.040252864410170126,0.9597471355898286,1.7759752177021335e-186,stress,0.8774268885879929
2016-12-04,0.47172778589052267,0.5282722141094759,8.524471554249869e-40,stress,-0.1974283302807444
2016-12-11,0.17354683984811126,0.8264531601518874,1.9416885345291323e-54,stress,0.5342001494035025
2016-12-18,0.9303776458775572,0.06962235412244144,2.5823009108713047e-275,crisis,-0.7675740815820943
2016-12-25,0.7251826896240099,0.2748173103759889,4.096803813330463e-48,crisis,-0.2387560559010958
2017-01-01,0.27056519640184395,0.7286406718736396,0.0007941317245152975,stress,0.21550134210008198
2017-01-08,0.0965273092571334,0.9034726907428654,2.363467417790689e-33,stress,0.4397650242604471
2017-01-15,0.07248431190171985,0.9275156880982791,1.9245038495472363e-68,stress,0.5799922568051653
2017-01-22,0.4297593742567987,0.5702406257432001,2.3778131198710612e-33,stress,-0.16690070174609112
2017-01-29,0.08071219056210992,0.9192878094378889,1.856769529755117e-127,stress,0.7496603835661673
2017-02-05,0.26070552727387747,0.7066295751035514,0.03266489762256992,stress,0.15609243445465187
2017-02-12,0.5532693559335793,0.44673064406641966,6.428537048276327e-51,crisis,-0.2459407019517438
2017-02-19,0.04227550048660003,0.9577244995133991,7.513572281438474e-209,stress,0.921340315025979
2017-02-26,0.6034657739214763,0.39653422607852296,2.1629747877964556e-28,crisis,-0.14539395088822032
2017-03-05,0.9111464397607069,0.08885356023929238,1.867058283229869e-144,crisis,-0.5186477376025115
2017-03-12,0.9599133806589482,0.04008661934105112,1.0758217266922746e-292,crisis,-0.7966338193275153
2017-03-19,0.4744030368926123,0.5255842456649358,1.2717442451161828e-05,stress,0.2579960831569303
2017-03-26,0.9742752284378937,0.02572477156210552,6.706339779800662e-123,crisis,-0.4693416936367599
2017-04-02,0.10054492069027127,0.05606529808593559,0.8433897812237925,normal,0.12289696248818535
2017-04-09,0.09922586850339885,0.05473256830677986,0.8460415631898206,normal,0.12267981039709042
2017-04-16,0.9848210221435856,0.015178977856413648,8.614420246789284e-139,crisis,-0.5078707849887676
2017-04-23,0.8831791012068749,0.11682089879312402,3.382933109498153e-103,crisis,-0.41694050933272253
2017-04-30,0.6389523448511591,0.36104765514216297,6.677024848152194e-12,crisis,-0.0467784500888318
2017-05-07,0.6244255928873268,0.37557440711267215,1.9405709843969267e-31,crisis,-0.16585441842183934
2017-05-14,0.3265924196702706,0.6506716284738103,0.02273595185591809,stress,0.1967614599511065
2017-05-21,0.4347866915612587,0.565213299627016,8.811724051502119e-09,stress,-0.01527697630571998
2017-05-28,0.33836806946993536,0.6611039274019643,0.0005280031280989885,stress,0.22981793907754203
2017-06-04,0.7553940789733966,0.24460592102660209,8.51763772669364e-85,crisis,-0.3635292303063226
2017-06-11,0.6055848896642143,0.39441511033576204,2.2337090834288372e-14,crisis,-0.06507253633844216
2017-06-18,0.5396620677942889,0.460337926403978,5.801731551595476e-09,crisis,-0.019070916321685914
2017-06-25,0.5666348298057242,0.43336517019427434,4.2865672483630427e-39,crisis,-0.19759489319850881
2017-07-02,0.07683286373546662,0.9231671362645317,8.583188737308827e-65,stress,0.5648591519366744
2017-07-09,0.011616535454068357,0.9883834645459301,1.8286593685832587e-242,stress,0.9794650666960714
2017-07-16,0.07537457274771185,0.9246254272522864,7.296338146186716e-32,stress,0.4256886895896536
2017-07-23,0.08541091141029697,0.9145890885897014,1.5516716085463197e-25,stress,0.39370125332918776
2017-07-30,0.034333505441280575,0.9656664945587178,5.923791745134509e-104,stress,0.6840562964248391
2017-08-06,0.08906492259159203,0.9109350774084063,1.0192323690154092e-60,stress,0.5524378866933576
2017-08-13,0.6647514724658077,0.3352485275341905,4.440797111940331e-77,crisis,-0.3387977039164901
2017-08-20,0.2844869197344219,0.637084103817517,0.07842897644805917,stress,0.16919279351595606
2017-08-27,0.25205033171381813,0.7472039784679501,0.0007456898182298577,stress,0.21047171638527065
2017-09-03,0.01830706332897568,0.9816929366710225,1.7992416322083084e-207,stress,0.9164067329939062
2017-09-10,0.04901150406384289,0.9509884959361553,2.925272133937621e-66,stress,0.5683857740841453
2017-09-17,0.12433207720098494,0.8756679227990132,1.78622959619922e-35,stress,0.4506135782593459
2017-09-24,0.646768242743909,0.35323175725608935,5.9890960930473874e-86,crisis,-0.364442448284834
2017-10-01,0.22188444817273167,0.7781152256698664,3.2615740037077453e-07,stress,0.26116952903737783
2017-10-08,0.06450300380576772,0.9354969961942309,1.209824809151337e-83,stress,0.6289500811795788
2017-10-15,0.32058396619894824,0.6791483258751545,0.00026770792589589766,stress,0.052351648662640284
2017-10-22,0.3812992237837457,0.6134336889045204,0.005267087311732415,stress,0.06412450784659288
2017-10-29,0.4710908241883721,0.5289091758024222,9.204138429149887e-12,stress,-0.04172301806535363
2017-11-05,0.3960849305814502,0.6039150693979515,2.059676172863239e-11,stress,-0.029939320379391267
2017-11-12,0.03526608250979825,0.9647339174902003,1.380218480547877e-251,stress,0.9984748206019087
2017-11-19,0.9200876915997015,0.0799123084002972,0.0,crisis,-0.8899296866831005
2017-11-26,0.15300578471725332,0.8469942152827454,9.185894444030713e-70,stress,0.58783291114379
2017-12-03,0.5223001907059409,0.47769980834480935,9.492484011906234e-10,crisis,-0.022803378599962378
2017-12-10,0.9288343300507775,0.07116566994922104,2.6917112165658534e-296,crisis,-0.8015582253687586
2017-12-17,0.25188984451854834,0.748110126578882,2.8902567901414846e-08,stress,0.27300559160610144
2017-12-24,0.04686734111137904,0.953132658888619,1.534613199265506e-85,stress,0.6318643397974539
2017-12-31,0.034690081680708265,0.9653099183192899,5.378890571148476e-90,stress,0.6428107417113996
2018-01-07,0.03212217991850867,0.9678778200814895,3.988466728133479e-127,stress,0.7437801687966644
2018-01-14,0.26257072175399926,0.7374051214731987,2.415677280017375e-05,stress,0.23374177652977743
2018-01-21,0.8397209622820753,0.1602790377179229,3.979418817897158e-177,crisis,-0.5876499005159894
2018-01-28,0.37757533750853156,0.6224246624903202,1.146692361299632e-12,stress,0.32430805480855895
2018-02-04,0.9138875227570993,0.08611247724289908,7.34824378106773e-169,crisis,-0.5716063224171317
2018-02-11,0.9924367753847241,0.00756322461527416,0.0,crisis,-1.313068897646318
2018-02-18,0.11288605554100649,0.8871139444589918,5.845513975969919e-74,stress,0.600062742994979
2018-02-25,0.1837588830436393,0.8162411169563151,4.399056137093772e-14,stress,0.32720217187214634
2018-03-04,0.5790016811814599,0.4209983188185385,3.909147821668498e-38,crisis,-0.19486169541490536
2018-03-11,0.5080760213131477,0.49191395881421085,1.0019872640084955e-05,crisis,0.016237339172414333
2018-03-18,0.5837336125926926,0.4162562074644263,1.0179942879731413e-05,crisis,0.014440560659093516
2018-03-25,0.9799932232068597,0.020006776793138878,0.0,crisis,-1.0164798210423396
2018-04-01,0.7381964570617259,0.2618035429382727,8.906390445520951e-20,crisis,-0.10345693084354975
2018-04-08,0.7855416064756483,0.21445839352435012,1.924555374214292e-95,crisis,-0.39417751927858363
2018-04-15,0.2505417071232192,0.7494582928767792,1.5864574694633657e-40,stress,0.4815067294150511
2018-04-22,0.34212987824335866,0.5614695075031464,0.09640061425349344,stress,0.10467298343630387
2018-04-29,0.7816879482481807,0.21831205175181784,8.891875449049351e-88,crisis,-0.3736975244109902
2018-05-06,0.5564916302042243,0.4435083697957742,3.437434377452043e-17,crisis,-0.0825220389571226
2018-05-13,0.22485286634292678,0.7751471336570718,3.228153130406377e-22,stress,0.38634003036717646
2018-05-20,0.5853762216403768,0.41462377835959396,2.766828945490389e-14,crisis,-0.06230628303628174
2018-05-27,0.9800761154484333,0.01992388455156529,0.0,crisis,-1.0166841659997548
2018-06-03,0.7397854571092846,0.2602145428907143,5.436052289080876e-17,crisis,-0.08565237955565363
2018-06-10,0.8514932254389544,0.14850677456104444,1.88937573863247e-73,crisis,-0.3300731379505418
2018-06-17,0.9327878560080471,0.06721214399195173,7.452554692998563e-151,crisis,-0.5333579823618271
2018-06-24,0.9364315336612721,0.0635684663387267,1.84458516814403e-175,crisis,-0.5859197911150477
2018-07-01,0.7434690016279023,0.2565309983720964,2.0878649299376637e-28,crisis,-0.1518747777983643
2018-07-08,0.6941518139622914,0.3058481860377073,1.5776023317857558e-57,crisis,-0.2735061073860606
2018-07-15,0.18004901425479142,0.8199509857452074,3.483605651651134e-63,stress,0.5660358080554724
2018-07-22,0.8740464982947634,0.1259535017052354,1.3363602921362335e-158,crisis,-0.5488383496368074
2018-07-29,0.8540084516640954,0.14599154833590341,2.970963348108045e-59,crisis,-0.28252906950800455
2018-08-05,0.9618007402054853,0.038199259794513475,5.850972138541919e-237,crisis,-0.7033557554152701
2018-08-12,0.9048139886473785,0.09518601135262023,2.294256933183447e-92,crisis,-0.38740214677831164
2018-08-19,0.9490272051803065,0.05097279481969236,1.8261653673000324e-225,crisis,-0.6832731323513748
2018-08-26,0.32010599318778865,0.4722750040928531,0.20761900271935707,stress,0.16496623512075947
2018-09-02,0.47747457250195696,0.5224838907308766,4.153676716515234e-05,stress,0.25793741132126635
2018-09-09,0.9314043611068968,0.06859563889310206,7.502848348619116e-286,crisis,-0.7851244097302367
2018-09-16,0.42646904226169313,0.5731649415567313,0.00036601618157445045,stress,0.05418460243769587
2018-09-23,0.03863543159946499,0.9613645684005339,4.296094823969124e-213,stress,0.9292567945129505
2018-09-30,0.6552189214546922,0.34478107854530665,3.900143356380124e-52,crisis,-0.2508576053757229
2018-10-07,0.7579417071725832,0.24205829282741562,1.230944473596209e-31,crisis,-0.16813091767313898
2018-10-14,0.9894466012521098,0.010553398747888831,0.0,crisis,-1.0745291928399525
2018-10-21,0.920785472319658,0.07921452768034076,1.796993936593325e-138,crisis,-0.5051073191285275
2018-10-28,0.728745941413215,0.27125405858678386,2.0640156175380096e-66,crisis,-0.30171889975024757
2018-11-04,0.020401266671957543,0.9795987333280411,0.0,stress,1.1362635749586443
2018-11-11,0.3484882186311293,0.6492073937238081,0.002304387645061513,stress,0.08130855078975703
2018-11-18,0.6956426600268569,0.30435733997314196,2.0796021085883683e-33,crisis,-0.17541121414240748
2018-11-25,0.942239093845577,0.05776090615442169,8.876876219903603e-146,crisis,-0.5232070360647204
2018-12-02,0.26301825201715606,0.20721975451884242,0.5297619934640001,normal,0.12234986314347
2018-12-09,0.9510572513387687,0.04894274866122977,1.8568950789272735e-129,crisis,-0.4855564662812748
2018-12-16,0.9566218657384052,0.04337813426159325,2.2753575999123454e-183,crisis,-0.6023181099658659
2018-12-23,0.9824886540242711,0.017511345975727455,0.0,crisis,-0.990686687185829
2018-12-30,0.525154096717875,0.47484590009062744,3.1914962087976047e-09,crisis,-0.01737323080390407
2019-01-06,0.13310750018518316,0.8668924998148155,2.259551702758303e-30,stress,0.4272881205819005
2019-01-13,0.12881765569642767,0.871182344303571,4.033529444452271e-30,stress,0.42585913246553275
2019-01-20,0.4731456168634831,0.5268543625999098,2.053660582675087e-08,stress,-0.008338778232291432
2019-01-27,0.7944049499813802,0.2055950500186186,3.843199777389562e-48,crisis,-0.24215180635094136
2019-02-03,0.25836427850191607,0.3359886393121417,0.40564708218594114,normal,0.14147486458551936
2019-02-10,0.7895735479598346,0.21042645204016427,1.7561232839385488e-65,crisis,-0.30370143102256597
2019-02-17,0.1666518303780807,0.833348169621918,4.897569002246218e-23,stress,0.3853290728569195
2019-02-24,0.04220033882084875,0.9577996611791502,7.377825139550395e-96,stress,0.6627370667162312
2019-03-03,0.1091515118759444,0.8908484881240546,2.6443534568887373e-49,stress,0.5101105392888786
2019-03-10,0.7412052300102528,0.2587947699897462,4.786446574330417e-104,crisis,-0.41730314210915276
2019-03-17,0.35582806028064573,0.558159416400535,0.08601252331881837,stress,0.18502216048234144
2019-03-24,0.5804432612686009,0.4195567387313982,2.589363826926122e-25,crisis,-0.13470771547668248
2019-03-31,0.3698745862706766,0.6279495771276535,0.002175836601668927,stress,0.061329328333126966
2019-04-07,0.1477385669846006,0.8522614330153986,3.532255101959314e-49,stress,0.5134798251535841
2019-04-14,0.6916749467392238,0.30832505326077525,4.3751429483361334e-58,crisis,-0.2752336688244632
2019-04-21,0.7513387069347225,0.24866129306527646,2.0866753696984697e-28,crisis,-0.15195439083608583
2019-04-28,0.9757718004506604,0.02422819954933879,0.0,crisis,-0.8659155111489192
2019-05-05,0.8925871730856435,0.10741282691435575,2.0778549910154173e-80,crisis,-0.35217571827985683
2019-05-12,0.9324650881414325,0.06753491185856686,3.162546267885986e-198,crisis,-0.6312054799228922
2019-05-19,0.5749806076787607,0.42501939232123853,1.7630862455815203e-19,crisis,-0.09559693883257818
2019-05-26,0.0927903323474493,0.9072096676525501,8.766364895398956e-60,stress,0.5508283234611467
2019-06-02,0.12027635250254932,0.87972364749745,1.4257979497527983e-30,stress,0.4272573649019183
2019-06-09,0.4485476337380764,0.5514523662619232,2.2116714717249514e-25,stress,-0.12870452914359287
2019-06-16,0.25404893554202257,0.7459510624193768,2.038599985845587e-09,stress,0.29207429921233513
2019-06-23,0.5144363412997195,0.48556365870027984,7.272074487184769e-21,crisis,-0.10552343264208605
2019-06-30,0.4901375450004304,0.5098476046826603,1.4850316908494437e-05,stress,0.01904684975304909
2019-07-07,0.580387399158242,0.41961207183353433,5.290082229355388e-07,crisis,-6.360862533008049e-05
2019-07-14,0.9295835714651877,0.07041642853481143,1.2814268364793108e-122,crisis,-0.4684983288446306
2019-07-21,0.24039559104755162,0.1939184092192623,0.5656859997331853,normal,0.13449900929861083
2019-07-28,0.9812543960413403,0.018745603958658805,1.0375118351816316e-261,crisis,-0.7473636582813332
2019-08-04,0.93797336221594,0.06202663778405903,1.0615554720382722e-180,crisis,-0.5966055232767931
2019-08-11,0.6677232654018517,0.3317664654832956,0.0005102691148516381,crisis,0.033672114342849245
2019-08-18,0.9750175098983946,0.02498249010160432,0.0,crisis,-0.8762847119039998
2019-08-25,0.9085097548299412,0.09149024517005774,7.095094227866521e-151,crisis,-0.5329176046501074
2019-09-01,0.49355709890216404,0.5064428941951897,6.90264515130827e-09,stress,-0.012093553719246896
2019-09-08,0.09006189048312466,0.9099381095168744,2.909604072097521e-49,stress,0.5091170404496361
2019-09-15,0.03819309935984031,0.9618069006401584,1.7479406425422169e-175,stress,0.8541004292231085
2019-09-22,0.8131181368952611,0.18688186310473762,1.0709124896932213e-112,crisis,-0.43870647006931074
2019-09-29,0.8889157331282744,0.11108426687172418,1.929017453728323e-101,crisis,-0.41236102440384925
2019-10-06,0.8935551185578504,0.10644488144214818,2.4923850952534545e-165,crisis,-0.5638232356782349
2019-10-13,0.29869856951633345,0.7013014304836651,1.844912908801412e-21,stress,0.38343745027349996
2019-10-20,0.6926704938160199,0.30732950618397886,4.2589086034298736e-74,crisis,-0.3299025654538374
2019-10-27,0.43143116306014695,0.5685468239112287,2.201302862303645e-05,stress,0.02636859941187642
2019-11-03,0.17690118420174694,0.8230988157925931,5.658392318386631e-12,stress,0.3098493504635648
2019-11-10,0.13765887335288163,0.8623411266471169,5.2399474460444896e-48,stress,0.5076481943983162
2019-11-17,0.8535505380140537,0.14644946198594486,4.3981865708056383e-141,crisis,-0.50934670153107
2019-11-24,0.8558966460873743,0.1441033539126243,8.507298124728466e-73,crisis,-0.32965628170929295
2019-12-01,0.2808509486688551,0.4017171659908644,0.317431885340279,stress,0.1279859255289931
2019-12-08,0.5682110509429668,0.43178786938812175,1.0796689098700515e-06,crisis,0.0034466106472802573
2019-12-15,0.10655599665783115,0.8934440033421674,1.8908626537702486e-76,stress,0.608447408359698
2019-12-22,0.4505871347345925,0.5494128652654061,2.2761549032099975e-39,stress,-0.19408382765365842
2019-12-29,0.03100450391708886,0.96899549608291,2.288813563881404e-160,stress,0.8212927128602466
2020-01-05,0.06642408533267778,0.9335759146673213,2.516023104292848e-47,stress,0.49908570538252484
2020-01-12,0.16385805471350193,0.8361417126596925,2.326268044560232e-07,stress,0.258490238009298
2020-01-19,0.2490199522646509,0.7509800477068119,2.8536149090580587e-11,stress,0.30693421659850195
2020-01-26,0.8948333044798804,0.10516669552011874,3.965522500757192e-161,crisis,-0.5547141017981687
2020-02-02,0.9544512525421787,0.04554874745782047,4.113423153304991e-214,crisis,-0.6617628418068214
2020-02-09,0.8435425346761778,0.15645746532382132,1.6468238206451551e-121,crisis,-0.4622378076394318
2020-02-16,0.10130274996654376,0.8986972500334551,3.982235320992172e-142,stress,0.7837296709586971
2020-02-23,0.8747896365354353,0.12521036346456363,7.733117011181894e-144,crisis,-0.5155097057418132
2020-03-01,0.998616142608156,0.0013838573918427872,0.0,crisis,-1.4233482916349431
2020-03-08,0.23232726043656854,0.15934143261538739,0.6083313069480429,normal,0.14122992117470873
2020-03-15,0.995531537308119,0.004468462691880011,0.0,crisis,-1.1255663709356536
2020-03-22,0.8544298751116584,0.14557012488834062,2.909302065205802e-85,crisis,-0.3661385645937557
2020-03-29,0.5589031992398792,0.4410967596920589,4.106806101164371e-08,crisis,-0.010878674901446317
2020-04-05,0.43195056582987645,0.5680494340320097,1.381128251271254e-10,stress,-0.027566447022310814
2020-04-12,0.11211285676745127,0.8878871432325477,1.1012608059676769e-54,stress,0.533613491184924
2020-04-19,0.3605717064353104,0.6386890391048983,0.0007392544597905698,stress,0.05493462122730151
2020-04-26,0.546774351135044,0.4532256488649553,7.669995911214464e-38,crisis,-0.1930834895050803
2020-05-03,0.19665006836692317,0.8033499316330259,5.0047454559217225e-14,stress,0.3287589635004855
2020-05-10,0.2171184548232976,0.7828815448198745,3.568270897140856e-10,stress,0.29636875786997746
2020-05-17,0.5859474285710979,0.4140525714289014,6.999791302821771e-64,crisis,-0.2937380503584127
2020-05-24,0.12481513082729499,0.8751848691727044,2.7578590142519753e-36,stress,0.45580392257366764
2020-05-31,0.10735079524801464,0.8926492047519845,1.6909419972555791e-16,stress,0.3318736575372763
2020-06-07,0.007565782366177759,0.9924342176338216,0.0,stress,1.3369446497678665
2020-06-14,0.9174867717002512,0.08251322829974815,3.714085848934383e-260,crisis,-0.7399531618255478
2020-06-21,0.7544414265650772,0.24555857343492207,8.656894735934391e-31,crisis,-0.16402539007779665
2020-06-28,0.7290386754346694,0.2709613245653299,4.2316050651288767e-75,crisis,-0.33250974208897477
2020-07-05,0.1151473325352143,0.8848526674647849,7.623380172739792e-44,stress,0.4873140986615597
2020-07-12,0.03276896106878607,0.967231038931213,1.050509293067011e-155,stress,0.8115333388750534
2020-07-19,0.40278149051369105,0.5972185094863081,2.1574698970678716e-26,stress,-0.12991411339351994
2020-07-26,0.1433487770844849,0.8566512229155142,6.831086932037438e-33,stress,0.44140647749168893
2020-08-02,0.3545278092409384,0.6454721907590605,7.682536731070885e-17,stress,-0.07028535267310973
2020-08-09,0.04276316952934556,0.9572368304706532,1.1971490577853421e-198,stress,0.9016273761515604
2020-08-16,0.7701335980207976,0.2298664019792012,2.5410469858198625e-94,crisis,-0.3889664744269959
2020-08-23,0.8182449875666722,0.18175501243332656,2.7200765237533537e-39,crisis,-0.20631629093825832
2020-08-30,0.2964523810492915,0.31204013550014686,0.3915074834505603,normal,0.11603848546687259
2020-09-06,0.8400211415712138,0.1599788584287848,3.394451173173322e-61,crisis,-0.2908827648601246
2020-09-13,0.6568276479093822,0.34317235209061625,3.441758289156175e-39,crisis,-0.20026536656404498
2020-09-20,0.16744165393424876,0.8325583460657496,3.0916579505986547e-75,stress,0.6058808909911901
2020-09-27,0.9951635160653323,0.004836483934666239,0.0,crisis,-1.6202908595760714
2020-10-04,0.10865627039915912,0.8913437296008394,6.817691193646127e-63,stress,0.56087105076246
2020-10-11,0.03890314652785741,0.961096853472141,2.040630310755335e-164,stress,0.8308612830895641
2020-10-18,0.6925680714986245,0.3074319285013742,6.64338650950629e-87,crisis,-0.36683241400423555
2020-10-25,0.5118598297035583,0.4871636711823297,0.0009764991141105373,crisis,0.04322223384766065
2020-11-01,0.5881369946512867,0.41186300534871184,3.3639762205735224e-52,crisis,-0.24655488705928258
2020-11-08,0.0035642470749251897,0.9964357529250734,0.0,stress,1.4487839853971676
2020-11-15,0.03593594454235218,0.9640640554576463,3.0921331573801656e-80,stress,0.6091984163669248
2020-11-22,0.01913170906631641,0.9808682909336821,9.323292788636411e-154,stress,0.8035627954094483
2020-11-29,0.02795621255450736,0.9720437874454914,2.108153936712312e-139,stress,0.7729630092441943
2020-12-06,0.19496813029321014,0.8031735592278021,0.0018583104789864746,stress,0.18632129702780892
2020-12-13,0.24534500080883065,0.752245082105453,0.002409917085715089,stress,0.08833256362744538
2020-12-20,0.03356806052900205,0.9664319394709967,5.7020483291618235e-126,stress,0.7412325798765481
2020-12-27,0.023018781199496012,0.9769812188005026,7.008370737258395e-148,stress,0.7918067604873098
2021-01-03,0.13051847784194798,0.8694814081460069,1.1401204351734516e-07,stress,0.23372100558675662
2021-01-10,0.004682252891561757,0.9953177471084367,0.0,stress,1.3846099145593045
2021-01-17,0.47945701805876617,0.5205429819412322,1.5836835362651705e-54,stress,-0.2514660420237962
2021-01-24,0.031417711863329145,0.9685822881366692,1.6020880269085799e-282,stress,1.0503431065455324
2021-01-31,0.8999426670169755,0.1000573329830231,8.292937286828546e-277,crisis,-0.7684398733484631
2021-02-07,0.42204566684298084,0.577736224418333,0.00021810873868472657,stress,0.05095165588922055
2021-02-14,0.03567573354111886,0.9643242664588796,2.250638114328295e-143,stress,0.7836963024865773
2021-02-21,0.08780118866777611,0.9121988113322226,1.5383151735630716e-78,stress,0.612190526274941
2021-02-28,0.9305634864057348,0.06943651359426375,1.9948119186616912e-244,crisis,-0.7148021913561072
2021-03-07,0.9332302683678265,0.06676973163217197,8.614541793320773e-148,crisis,-0.5275886274952384
2021-03-14,0.3421835279416616,0.3389889640115201,0.31882750804681675,crisis,0.16978818405897775
2021-03-21,0.8683796269717654,0.13162037302823318,2.569473830335762e-71,crisis,-0.3249859414052324
2021-03-28,0.8909875821104645,0.10901241788953445,6.252492617905464e-124,crisis,-0.47015776980683716
2021-04-04,0.6720966149907277,0.3279033847594395,2.4983165518320643e-10,crisis,0.31337781238093027
2021-04-11,0.2945350117920128,0.19330914786707107,0.5121558403409154,normal,0.17526800473312498
2021-04-18,0.12034883372185165,0.1601693608140456,0.7194818054641021,normal,0.11566272523332961
2021-04-25,0.15614372734623405,0.16104209476540915,0.6828141778883563,normal,0.10622387189111737
2021-05-02,0.3483274818461979,0.2215502936270548,0.43012222452674687,normal,0.17659897273424993
2021-05-09,0.5699869303170622,0.4300130696829374,2.1664764560103805e-31,crisis,0.442692012418307
2021-05-16,0.9299827366201251,0.07001726337987452,1.661378920177527e-265,crisis,-0.751770096473729
2021-05-23,0.44483985657954145,0.5550987789371448,6.136448331327768e-05,stress,0.03838627218779953
2021-05-30,0.0565917965510819,0.9434082034489176,1.3384366763088033e-94,stress,0.660306000284841
2021-06-06,0.10289110332775589,0.8971088966722435,2.2677147168442327e-58,stress,0.5450406091161346
2021-06-13,0.7944885855642418,0.20551141443575752,1.6330866206634537e-88,crisis,-0.3734995898253114
2021-06-20,0.9516252017533017,0.0483747982466977,0.0,crisis,-0.8624432354029258
2021-06-27,0.09951195002595348,0.900488049974046,2.5417851959890802e-81,stress,0.6227906021366596
2021-07-04,0.15759421342556967,0.8423710264418429,3.476013258686214e-05,stress,0.20107759990175594
2021-07-11,0.0052374823660007435,0.9947625176339988,0.0,stress,1.255717727831105
2021-07-18,0.12957054766897566,0.8704294302365385,2.209448539488752e-08,stress,0.2501747722545525
2021-07-25,0.06148420393564282,0.9385157960643566,2.2786563258504153e-59,stress,0.5471879627371086
2021-08-01,0.12946420588656005,0.8705357941134393,1.8935945513069745e-19,stress,0.3618835939073439
2021-08-08,0.3401434304208482,0.6598565458797718,2.369937919592227e-08,stress,0.2858040998155703
2021-08-15,0.3047860938073774,0.4970815623773954,0.19813234381522643,stress,0.1459767096796924
2021-08-22,0.9444632330309204,0.05553676696907898,0.0,crisis,-0.8696937378174706
2021-08-29,0.11487225774191111,0.8851277422580882,1.4978487311787585e-67,stress,0.5788629454126325
2021-09-05,0.16378054159922284,0.8362194482890676,1.0111708823663329e-08,stress,0.27648399058028367
2021-09-12,0.25315240645137604,0.7468475495019951,4.404662812558826e-08,stress,0.2761516302358702
2021-09-19,0.7836765079468664,0.21632349205313284,9.198597293250571e-84,crisis,-0.36043551530514656
2021-09-26,0.8365415302478746,0.16345846975212458,4.2667920494824655e-62,crisis,-0.2922899257462503
2021-10-03,0.9114890756566314,0.08851092434336771,3.9743939720063996e-178,crisis,-0.5909530002456084
2021-10-10,0.4978935569562968,0.5021064429490691,9.463321635225522e-11,stress,-0.027207261029892616
2021-10-17,0.04610454821286829,0.953895451787131,5.213240616190599e-194,stress,0.8935656255167028
2021-10-24,0.3071260796078991,0.6801376987641328,0.01273622162796728,stress,0.08597760439552186
2021-10-31,0.23455413594845517,0.6850331961066685,0.08041266794487557,stress,0.1562653753750604
2021-11-07,0.28972720857300127,0.7101998541831074,7.293724389054919e-05,stress,0.2470986972458288
2021-11-14,0.41477211447402107,0.5849350688692099,0.00029281665676805855,stress,0.04099247444680267
2021-11-21,0.5557823712267774,0.44421762877322163,4.648302519004497e-33,crisis,-0.17152678842142324
2021-11-28,0.26642578311510323,0.733574216884896,3.9913039930385396e-19,stress,0.3680796274048873
2021-12-05,0.7788266209543863,0.2211733790456129,1.391400695133523e-89,crisis,-0.3784917130546363
2021-12-12,0.4762554103359693,0.38569667525651363,0.13804791440751638,crisis,0.08582829921921006
2021-12-19,0.8849557652066231,0.115044234793376,1.5353186319855837e-154,crisis,-0.5415059955480153
2021-12-26,0.5282174328810401,0.4717825671183832,5.759852698575566e-13,crisis,-0.04959200557029085
2022-01-02,0.11812455744078668,0.8818754425592124,8.196690836286352e-62,stress,0.5598175107906711
2022-01-09,0.42961022332611615,0.5703897766738828,2.7337119234414125e-26,stress,-0.1326864727971549
2022-01-16,0.1616143168028786,0.8383856831971204,3.3630557306592425e-60,stress,0.5550361438972999
2022-01-23,0.9727545065080774,0.0272454934919216,0.0,crisis,-0.9503582442171534
2022-01-30,0.9551970597488131,0.044802940251185724,2.2731246001866805e-283,crisis,-0.7813385944822769
2022-02-06,0.29840390269720873,0.7015895884491978,6.508853592089571e-06,stress,0.25225687212323117
2022-02-13,0.17134125126970712,0.8286587487302917,9.74396488771176e-40,stress,0.47622694433664636
2022-02-20,0.2921290795648519,0.6407145658250795,0.06715635461006746,stress,0.11295448749766815
2022-02-27,0.5640503119641547,0.4359496880358381,5.9718662420801446e-15,crisis,-0.07058389162632359
2022-03-06,0.6458312467668683,0.3541687532331306,1.2516555210966147e-30,crisis,-0.1617113235511589
2022-03-13,0.5686656313534508,0.43133436864654806,5.880803933648265e-19,crisis,-0.09650661799761774
2022-03-20,0.2993085303282662,0.6688304846101765,0.03186098506155619,stress,0.10826059966685062
2022-03-27,0.08857295797809991,0.9114270420218988,1.9442742893391082e-86,stress,0.6395658306529818
2022-04-03,0.187600976021621,0.8123990239783778,1.105455236579912e-20,stress,0.3731142902084582
2022-04-10,0.8445875382580867,0.15541246174191203,3.6274731786531e-124,crisis,-0.4694069816173914
2022-04-17,0.8885134202923036,0.11148657970769507,1.947095160003557e-86,crisis,-0.3701184483718381
2022-04-24,0.9791928334388823,0.020807166561116548,0.0,crisis,-0.8805557060888299
2022-05-01,0.8367701972020769,0.16322980279792185,3.0464220186875183e-50,crisis,-0.24908560688830855
2022-05-08,0.8477290794824824,0.1522709205175163,5.5934786584982995e-80,crisis,-0.3503795541755942
2022-05-15,0.7518084505037326,0.24819154949626626,1.4154056318518622e-79,crisis,-0.3460659897948946
2022-05-22,0.07327599474187638,0.9267240052581224,1.3433748968882341e-103,stress,0.6864777563140574
2022-05-29,0.18825570376416817,0.8117442962358298,9.306507372203828e-16,stress,0.33900770212999637
2022-06-05,0.7185146567267233,0.2814853432732755,4.568088889617843e-56,crisis,-0.26843685807249823
2022-06-12,0.865830596860766,0.13416940313923295,2.0650300908329116e-81,crisis,-0.354880619374943
2022-06-19,0.9729640112302111,0.027035988769787776,3.6998448243356066e-308,crisis,-0.8213520735244083
2022-06-26,0.8270575179059346,0.17294248209406424,1.1821671999295397e-61,crisis,-0.290575920499197
2022-07-03,0.6570478807132352,0.3429521192867615,2.1879653503275323e-15,crisis,-0.07333843016752781
2022-07-10,0.6688698354053648,0.3311301645946342,1.9174393378950398e-17,crisis,-0.0875269913487702
2022-07-17,0.8426283941887434,0.1573716058112557,1.026027325126828e-161,crisis,-0.554636487781065
2022-07-24,0.08234243692326594,0.9176575630767332,5.287662922067377e-81,stress,0.620149567699473
2022-07-31,0.050601300849792766,0.9493986991502061,2.2876743492469974e-67,stress,0.573988970369261
2022-08-07,0.09552806613102102,0.9044719338689781,4.3062813712859345e-19,stress,0.3528472746896122
2022-08-14,0.03986536278739173,0.9601346372126073,1.2607033692938144e-175,stress,0.8545029420803729
2022-08-21,0.8671964011944057,0.13280359880559306,4.3459238543587155e-236,crisis,-0.698729975900563
2022-08-28,0.34737691787389197,0.6526230821261068,2.438522688758841e-19,stress,0.37111524251055517
2022-09-04,0.9309109608775659,0.06908903912243287,0.0,crisis,-0.8891885577203917
2022-09-11,0.049689999914241424,0.9503100000857573,1.3367075948041385e-268,stress,1.0279539249834204
2022-09-18,0.9576676588532825,0.042332341146716065,0.0,crisis,-0.8581731944051327
2022-09-25,0.9366676411717599,0.0633323588282388,9.748125545645051e-150,crisis,-0.5309260920331293
2022-10-02,0.8841213947748098,0.1158786052251891,2.360906756840996e-134,crisis,-0.4948362341971884
2022-10-09,0.41501410817696033,0.5849699503380981,1.5941484940628586e-05,stress,0.2551125457723472
2022-10-16,0.7670217708305089,0.23297822916949015,2.198505951330924e-125,crisis,-0.47150315857574576
2022-10-23,0.1650694624548624,0.8349305375451368,3.440132147527945e-45,stress,0.49750515919048494
2022-10-30,0.400988146471458,0.599011853528541,7.803118614223782e-24,stress,-0.1166716444017962
2022-11-06,0.05176289746433531,0.9482371025356637,2.8061242916071903e-96,stress,0.6645571500223953
2022-11-13,0.07758687870241977,0.9224131212975791,3.574250978933432e-92,stress,0.6533903277432622
2022-11-20,0.9201026571150782,0.07989734288492054,5.974727530494733e-278,crisis,-0.7712465617980279
2022-11-27,0.6372200214874199,0.362779978512579,1.7968318931020644e-26,crisis,-0.13903260516409577
2022-12-04,0.22733258332914785,0.7726674166708511,2.9602564789567226e-36,stress,0.45984025975850223
2022-12-11,0.8266841505762347,0.1733158494237643,7.346520037829584e-97,crisis,-0.39832886623492003
2022-12-18,0.9692883368868324,0.030711663113166678,1.0018083517525245e-271,crisis,-0.7629339122386716
2022-12-25,0.9304689548438898,0.0695310451561092,4.768186199668488e-175,crisis,-0.5849247181294043
2023-01-01,0.6100248648013075,0.38997513519869126,5.715368695644666e-28,crisis,-0.14393105818967972
2023-01-08,0.058269067003829084,0.94173093299617,2.346466205800012e-98,stress,0.6701879770197892
2023-01-15,0.04478720343381058,0.9552127965661883,9.038484349048616e-78,stress,0.6077098090560558
2023-01-22,0.11650902387134253,0.8834909761271997,1.4566993796936575e-12,stress,0.30466577887580015
2023-01-29,0.0800637559269315,0.9199362440730675,2.223003656503572e-68,stress,0.5810871320883084
2023-02-05,0.40728986601182726,0.5847011431497943,0.008008990838377824,stress,0.07713308769679741
2023-02-12,0.9135153048769189,0.08648469512308045,1.5675354405610802e-175,crisis,-0.5856365743079218
2023-02-19,0.9250767508936377,0.07492324910636171,1.2563909848118907e-150,crisis,-0.5327499880637493
2023-02-26,0.7838506948525054,0.21614930514749403,6.1119360590237135e-21,crisis,-0.11416906555850756
2023-03-05,0.3221505110700694,0.33359170679728156,0.34425778213264835,normal,0.16542082609276426
2023-03-12,0.9870223393018603,0.012977660698138882,0.0,crisis,-0.9785070654986363
2023-03-19,0.9261367730327752,0.07386322696722422,4.024023285930337e-170,crisis,-0.5746068979487944
2023-03-26,0.55745095721901,0.44254904278098933,6.340652854207529e-19,crisis,-0.08973219667850978
2023-04-02,0.042345817951314445,0.9576541820486848,6.40274175637689e-227,stress,0.9549902384348259
2023-04-09,0.7531395365886668,0.24686046341133244,1.0892185034610034e-153,crisis,-0.5351438051584756
2023-04-16,0.16049960754698572,0.8395003924530136,2.9786796364413906e-72,stress,0.5962017042676051
2023-04-23,0.7708424291029392,0.22915757089706018,2.4474527097715864e-113,crisis,-0.4414921469461697
2023-04-30,0.557247999650239,0.4427520003497605,1.3393733946822805e-17,crisis,-0.08532137059982178
2023-05-07,0.22883773872066107,0.7711127404620977,4.952081724048581e-05,stress,0.23270184604293523
2023-05-14,0.08080057376163878,0.9191994262383604,1.4713860914774707e-72,stress,0.5948578114496639
2023-05-21,0.42761884732321137,0.5717692125449028,0.0006119401318851242,stress,0.0527407317852747
2023-05-28,0.8845667468471191,0.11543325315288014,3.1210647590670405e-228,crisis,-0.6861298065484751
2023-06-04,0.228763194746146,0.7712368052538531,9.564519893754102e-17,stress,0.34992451536530156
2023-06-11,0.20546005266899325,0.7939076653215358,0.0006322820094700742,stress,0.214210550696699
2023-06-18,0.19222420102371002,0.8077757989762893,1.808725637601424e-30,stress,0.43018186826145327
2023-06-25,0.9737833487378964,0.026216651262102795,0.0,crisis,-0.8626768668143319
2023-07-02,0.20437017922974102,0.21803998744391165,0.5775898333263464,normal,0.11527377589392299
2023-07-09,0.24307658175779653,0.27208732426371396,0.48483609397848854,normal,0.11984430929862191
2023-07-16,0.5706957412302017,0.4293042587697973,6.022624312402051e-56,crisis,0.5451172828127069
2023-07-23,0.9394254612118514,0.06057453878814778,3.841047526819575e-221,crisis,-0.674442767063371
2023-07-30,0.8617823144631471,0.138217685536852,8.16484123571048e-75,crisis,-0.33451775809330425
2023-08-06,0.792326625027227,0.20767337497277213,1.295353224649307e-38,crisis,-0.20088023692019735
2023-08-13,0.8648927783655453,0.13510722163445368,1.0631311083472444e-71,crisis,-0.32461608170566486
2023-08-20,0.9874754400375936,0.012524559962405478,0.0,crisis,-1.0118031915973087
2023-08-27,0.8722605026506584,0.12773949734934065,7.862817837839527e-73,crisis,-0.32984548616384146
2023-09-03,0.31583417139872927,0.39448847323423475,0.28967735536703487,stress,0.16559140731579497
2023-09-10,0.7294549180452856,0.2705450819547133,3.9653190432949367e-44,crisis,-0.22501696959778208
2023-09-17,0.3482260366282844,0.6517739633717132,1.3960682232528906e-15,stress,0.3457193176463359
2023-09-24,0.9707116079563769,0.029288392043622317,0.0,crisis,-0.9524612222692298
2023-10-01,0.7911837741329579,0.20881622586704132,2.4232758639782963e-23,crisis,-0.12525562390331063
2023-10-08,0.9825427703397338,0.017457229660265323,6.924942001931245e-291,crisis,-0.7951710413038259
2023-10-15,0.2360971513696385,0.17132531634019277,0.5925775322901682,normal,0.14242457588702767
2023-10-22,0.9900307668341163,0.009969233165883041,0.0,crisis,-0.9985063205914744
2023-10-29,0.607592512572781,0.3851446995895468,0.007262787837671409,crisis,0.04779590492448328
2023-11-05,0.44160567425405883,0.429062807608992,0.12933151813694843,crisis,0.08810456874532373
2023-11-12,0.8828237859699143,0.11717621403008482,1.0912355164280369e-191,crisis,-0.6180330184832069
2023-11-19,0.2366879110423286,0.7633120889576706,1.4610322383429642e-31,stress,0.43745295273180773
2023-11-26,0.5596666179213197,0.44033338207867945,1.0694683584591685e-26,crisis,-0.1393865440214503
2023-12-03,0.5778825698447331,0.422117430155266,1.4647393894420506e-18,crisis,-0.09311110154214373
2023-12-10,0.5123645980372744,0.48763540196272476,2.085202271755838e-19,crisis,-0.09595749905288879
2023-12-17,0.18929365226691874,0.8107063477330798,8.488016269679181e-16,stress,0.3429896796732564
2023-12-24,0.22262636398936161,0.7723602694226016,0.005013366588035971,stress,0.19664093662654372
2023-12-31,0.28279555461200306,0.7172044442032313,1.1847649570207592e-09,stress,0.2949813157066167
2024-01-07,0.9583517253648259,0.0416482746351734,2.3495763839863843e-296,crisis,-0.8021538022653898
2024-01-14,0.9789667608939758,0.021033239106023414,2.4697816256783795e-289,crisis,-0.7917986673232181
2024-01-21,0.9921593311598671,0.007840668840132235,0.0,crisis,-1.084982195685206
2024-01-28,0.4585257094448876,0.272666922672062,0.2688073678830497,crisis,0.092171446631861
2024-02-04,0.9688586772014025,0.031141322798596625,2.958946662191852e-295,crisis,-0.8023850264471669
2024-02-11,0.29599824563873456,0.4370634734646969,0.2669382808965677,stress,0.1441653595714438
2024-02-18,0.4487183984913861,0.5512815964215637,5.087049307825845e-09,stress,0.298574714630954
2024-02-25,0.5968935278373713,0.40310647216262774,3.9035351069474016e-57,crisis,-0.26850991183268863
2024-03-03,0.029989408623636603,0.9700105913763624,1.5071591428215838e-299,stress,1.0777000943828305
2024-03-10,0.8224104887468137,0.17758951125318537,5.808538419251044e-150,crisis,-0.5278107223647159
2024-03-17,0.6589592979050511,0.34104064172814463,6.03668033317636e-08,crisis,-0.012153679086827662
2024-03-24,0.8940111817529688,0.10598881824703027,1.2800647387308662e-22,crisis,-0.12464071640986943
2024-03-31,0.2942966007145721,0.048206129822643856,0.6574972694627832,normal,0.09003794937154933
2024-04-07,0.054223999434874645,0.040643943548475996,0.9051320570166486,normal,0.1431746726135405
2024-04-14,0.08235847264479765,0.03755763818187862,0.8800838891733227,normal,0.14760091335358064
2024-04-21,0.9894384357470095,0.0105615642529896,7.172553125843621e-208,crisis,-0.6515869944318347
2024-04-28,0.3533367405710821,0.5772191251903146,0.06944413423860206,stress,0.12397292836707167
2024-05-05,0.1170038747852365,0.8829961252147625,3.607446106525518e-97,stress,0.6706273789293505
2024-05-12,0.10773704948596463,0.8922629505140343,1.0532135426467033e-27,stress,0.41147487708808256
2024-05-19,0.2458659972157014,0.7541340026833254,1.0097212189415759e-10,stress,0.3006087939526428
2024-05-26,0.9259246020472636,0.07407539795273545,1.4258167023372883e-228,crisis,-0.6873371066508092
2024-06-02,0.8734470281410099,0.1265529718589891,8.172673370567224e-67,crisis,-0.3087217730020355
2024-06-09,0.9643101791456955,0.035689820854303694,5.1710254840660536e-225,crisis,-0.6819690688819657
2024-06-16,0.9898164344349148,0.010183565565084426,0.0,crisis,-1.0096978567843273
2024-06-23,0.9227885887893215,0.07721141121067782,1.721136909095513e-140,crisis,-0.5097930889776403
2024-06-30,0.7373621386507307,0.2626378613492684,5.821456650336392e-56,crisis,-0.26844363855188913
2024-07-07,0.22811218938811917,0.7718878106118605,1.9737586008172787e-14,stress,0.33327709295316604
2024-07-14,0.2566496339242055,0.7433503660585337,1.726016101893085e-11,stress,0.30994223820111655
2024-07-21,0.8699981362711057,0.13000186372889366,5.630333709895375e-140,crisis,-0.5074577482924058
2024-07-28,0.9004519518771078,0.09954804812289136,1.866084972446975e-97,crisis,-0.4015927857011624
2024-08-04,0.9634294254834784,0.036570574516520724,1.654230770063911e-278,crisis,-0.7739343301790774
2024-08-11,0.6736325619554131,0.326367438044586,2.089358560802646e-24,crisis,-0.12910361810762772
2024-08-18,0.3954665896461992,0.6033287022628159,0.0012047080909841116,stress,0.055212439074056895
2024-08-25,0.14751141106038673,0.8524885889396123,2.2807262997142634e-39,stress,0.4721364162035481
2024-09-01,0.49915809252075993,0.5008399332208323,1.9742584069713774e-06,stress,0.012330234887962602
2024-09-08,0.9719328053933418,0.02806719460665729,0.0,crisis,-1.0877374034585974
2024-09-15,0.13074216057601298,0.869257839423986,7.672561168329274e-59,stress,0.5489389000417404
2024-09-22,0.17804491561786567,0.8214748558444179,0.00048022853771537095,stress,0.17102818759990493
2024-09-29,0.005611293304938351,0.9943887066950606,0.0,stress,1.3883806864375963
2024-10-06,0.20977660571336426,0.7886322262487347,0.0015911680379000234,stress,0.13881501884700037
2024-10-13,0.20891112751591684,0.7910888724840821,2.1686900770881096e-17,stress,0.35417031992709724
2024-10-20,0.7414365095775922,0.258563490422407,2.3704716126053438e-82,crisis,-0.35702432484157554
2024-10-27,0.27989253516242873,0.5262699160811994,0.19383754875637096,stress,0.1551604539408054
2024-11-03,0.41193310436591835,0.5827748546977449,0.005292040936335995,stress,0.22537183637945427
2024-11-10,0.5362095156682607,0.4637799734847101,1.0510847028449736e-05,crisis,0.01570246841196128
2024-11-17,0.8619518429733519,0.13804815702664736,1.467482036746112e-144,crisis,-0.5183022338162455
2024-11-24,0.5866179026180801,0.41336883366431065,1.326371760846916e-05,crisis,0.015269989890367697
2024-12-01,0.6388371646783364,0.36116283531945426,2.208729475979351e-12,crisis,-0.05053332473971208
2024-12-08,0.9066318625637512,0.09336813743624808,7.953151991302367e-147,crisis,-0.5239901640145638
2024-12-15,0.8767087218523457,0.12329127814765338,7.084849266842871e-73,crisis,-0.3285406420346483
2024-12-22,0.9504244504466688,0.04957554955333057,6.453947369537873e-278,crisis,-0.772536091632225
2024-12-29,0.3764062260774409,0.6234601882902022,0.00013358563235597797,stress,0.2406751581766085
2025-01-05,0.48055776067560807,0.5194422393243912,5.244002941910266e-22,stress,-0.11123537180528648
2025-01-12,0.1996588067439085,0.8003403681744643,8.250816262930269e-07,stress,0.2543411162837202
2025-01-19,0.0582587734344304,0.9417412265655689,1.6547003781118952e-136,stress,0.7691715881400794
2025-01-26,0.8029925325065366,0.19700746749346285,2.993627798214156e-115,crisis,-0.44565078522478174
2025-02-02,0.7987722842288469,0.20122771577115228,3.324894515190907e-88,crisis,-0.3739578859619838
2025-02-09,0.350506265980203,0.64936890337679,0.00012483064300642464,stress,0.24023533985573214
2025-02-16,0.4901122141334221,0.5098877773918716,8.47470586432307e-09,stress,-0.01560481378356351
2025-02-23,0.6179895678385283,0.38201043216135105,1.2035677419502537e-13,crisis,-0.05970290243061747
2025-03-02,0.8771013424709686,0.122898657529031,3.3428092055173135e-208,crisis,-0.6483822945772922
2025-03-09,0.07571000557317183,0.9242899944268278,7.59680513079436e-112,stress,0.7085641119306572
2025-03-16,0.20752738813171906,0.7924724384607313,1.7340754909732776e-07,stress,0.2644243366813
2025-03-23,0.5491029277978279,0.45089707220168673,4.849934463390025e-13,crisis,-0.05211913275736564
2025-03-30,0.8791994223355042,0.12080057766449531,1.201668188443395e-106,crisis,-0.42599860768162123
2025-04-06,0.9986947382539924,0.0013052617460070676,0.0,crisis,-1.6829379382851861
2025-04-13,0.4131548346523706,0.4874168757114172,0.09942828963621196,stress,0.09352832679422861
2025-04-20,0.3308728624373014,0.6679487890603525,0.0011783485023458252,stress,0.2296758278453287
2025-04-27,0.3220882667796907,0.6778451216725415,6.661154776758039e-05,stress,0.2422449977435969
2025-05-04,0.8355481577950299,0.16445139057263533,4.5163233437571583e-07,crisis,-0.008356575536486477
2025-05-11,0.15234476090207402,0.14043348161661245,0.7072217574813133,normal,0.15416472724822636
2025-05-18,0.13505363932156553,0.11808874170566068,0.746857618972774,normal,0.12132133817587654
2025-05-25,0.9775266107301402,0.02247338926986004,3.8633712231250765e-188,crisis,-0.613139902389385
2025-06-01,0.7507763989992213,0.24922360100077887,4.2420273734717115e-68,crisis,-0.3088165278947039
2025-06-08,0.05042969286320748,0.9495703071367929,1.8356475354303645e-152,stress,0.8055506925406399
2025-06-15,0.21380314827566027,0.7861949110390734,1.9406852666388374e-06,stress,0.2496421230762705
2025-06-22,0.5655821190327661,0.4344178809672342,1.0519124600475645e-62,crisis,-0.28833310908768117
2025-06-29,0.05315728160737534,0.9468427183926249,6.672579886649876e-128,stress,0.7483895543810106
2025-07-06,0.21242346878682333,0.7874975074183056,7.902379487141487e-05,stress,0.08564206512714698
2025-07-13,0.005014409509564853,0.9949855904904354,0.0,stress,1.2434680055486211
2025-07-20,0.017690177654035834,0.9823098223459644,5.327816243182775e-161,stress,0.8180157397367704
2025-07-27,0.04221385507640748,0.9577861449235928,4.2371528772650235e-160,stress,0.8201400183466602
2025-08-03,0.9388449560577484,0.06115504394225188,0.0,crisis,-0.9841085670903512
2025-08-10,0.04196337506329319,0.9580366249367069,1.2147676418485215e-168,stress,0.8395734313443304
2025-08-17,0.06078262411887727,0.9392173758811229,1.8279831972027838e-63,stress,0.5610435682919633
2025-08-24,0.2579625162342941,0.7420116402028779,2.5843562828121765e-05,stress,0.046692272958771854
2025-08-31,0.09237108216733375,0.9076289178326666,3.913695815946806e-79,stress,0.6162424181257717
2025-09-07,0.6492553179013326,0.35074468209866777,2.104432893619925e-51,crisis,-0.24936372075928065
2025-09-14,0.6956938153182769,0.30430618468172344,9.293426998853385e-65,crisis,-0.2989643499869143
2025-09-21,0.1961426294492137,0.8038573705441736,6.61334143547971e-12,stress,0.30539125007948253
2025-09-28,0.031372911941852884,0.9686270880581476,6.103936047437595e-120,stress,0.7253999171745379
2025-10-05,0.027765268105605676,0.9722347318943947,6.604158313503468e-159,stress,0.8172508230027693
2025-10-12,0.3730519578699947,0.6269090691539049,3.897297610102364e-05,stress,0.039839660814880905
2025-10-19,0.5495115997432154,0.4259837490150429,0.024504651241742066,crisis,0.05850555538577038
2025-10-26,0.27948438245933227,0.4028751686512444,0.3176404488894236,stress,0.12459734850806066
2025-11-02,0.830941731290912,0.1690582687090884,3.431709100118793e-53,crisis,-0.26209534302344534
2025-11-09,0.8835438720711221,0.11645612792887841,4.4760505294400405e-178,crisis,-0.5896778376792777
2025-11-16,0.13408630183977732,0.8659136981602231,2.622338007043818e-75,stress,0.6054411869050136
2025-11-23,0.45313234714489403,0.5468676528551065,5.243916321429003e-32,stress,-0.16260905086571298
2025-11-30,0.1342203290862748,0.8657796709137257,2.921649116097056e-58,stress,0.5475241307065868
2025-12-07,0.6206577982084479,0.37934220179155265,2.0471317910602757e-56,crisis,-0.2694493661671057
2025-12-14,0.30557947171789157,0.6217716435130626,0.0726488847690464,stress,0.17977069026998665
2025-12-21,0.40869050638266,0.5913094922128598,1.4044807634298368e-09,stress,-0.01954785150142957
2025-12-28,0.0708213571481331,0.9291786428518674,8.703141054131126e-89,stress,0.644741728438399
2026-01-04,0.2833512487116419,0.7166487511481875,1.4017111685293746e-10,stress,-0.010211238392629496
2026-01-11,0.012574120289849455,0.9874258797101512,2.011053656098891e-267,stress,1.0230768025569197
2026-01-18,0.056173630949705684,0.9438263690502948,1.6304758514824022e-47,stress,0.4959407314030143
2026-01-25,0.044063687983560064,0.9559363120164405,9.513709672038197e-164,stress,0.8291197860082494
2026-02-01,0.9686323510789866,0.0313676489210141,0.0,crisis,-1.02475475367781
2026-02-08,0.6830883955996023,0.31691160440039823,4.874130451161344e-29,crisis,-0.15394635158933384
2026-02-15,0.325521806325601,0.6660561573555899,0.008422036318809894,stress,0.20618502291826477
2026-02-22,0.37385714861982194,0.6261428513788831,1.2956499148162862e-12,stress,-0.039147775686743935
2026-03-01,0.02640963541651422,0.9735903645834862,7.236682383058395e-289,stress,1.060381016513379
2026-03-08,0.8441166389698593,0.15588336103014108,3.3010682690375253e-146,crisis,-0.5194152834599918
2026-03-15,0.8294154197053232,0.17058458029467727,6.4598358124759886e-49,crisis,-0.24386970341881412
2026-03-22,0.9557111753156831,0.04428882468431694,0.0,crisis,-0.8668284428213913
2026-03-29,0.14616747841112324,0.8538325215888768,5.850467172362402e-60,stress,0.5537101628717892
2026-04-05,0.320662563896506,0.6793209556697931,1.6480433700848558e-05,stress,0.031585433714848996
2026-04-12,0.2431206710995259,0.7568780988560115,1.2300444625188888e-06,stress,0.26262029467936726
