Date,SMM-REM-NDM,SMM-REO-DXO,SMM-MIN-GAL,SMM-MIN-GMN,SMM-REM-RCB
2018-01-02,410000,1150.0,960,9250,523500
2018-01-03,410000,1150.0,960,9250,523500
2018-01-04,410000,1155.0,960,9250,523500
2018-01-05,410000,1155.0,990,9250,523500
2018-01-08,410000,1160.0,990,9250,534000
2018-01-09,450000,1180.0,1020,9250,534000
2018-01-10,450000,1180.0,1040,9450,539000
2018-01-11,450000,1180.0,1040,9450,544000
2018-01-12,450000,1180.0,1060,9450,544000
2018-01-15,450000,1180.0,1080,9550,549000
2018-01-16,450000,1180.0,1080,9550,549000
2018-01-17,450000,1180.0,1100,9550,549000
2018-01-18,450000,1180.0,1100,9550,557500
2018-01-19,450000,1180.0,1100,9550,557500
2018-01-22,445000,1180.0,1125,9650,560500
2018-01-23,445000,1180.0,1125,9650,560500
2018-01-24,445000,1180.0,1140,9650,560500
2018-01-25,445000,1180.0,1140,9750,560500
2018-01-26,445000,1180.0,1160,9750,567500
2018-01-29,445000,1180.0,1160,9750,567500
2018-01-30,445000,1180.0,1180,9750,572500
2018-01-31,445000,1180.0,1180,9750,572500
2018-02-01,445000,1180.0,1180,9750,577500
2018-02-02,445000,1180.0,1220,9750,577500
2018-02-05,445000,1180.0,1220,9750,577500
2018-02-06,445000,1180.0,1220,9750,577500
2018-02-07,445000,1180.0,1220,9750,577500
2018-02-08,445000,1180.0,1220,9750,577500
2018-02-09,445000,1180.0,1220,9750,577500
2018-02-12,445000,1180.0,1220,9750,577500
2018-02-13,445000,1180.0,1220,9750,577500
2018-02-14,445000,1180.0,1220,9750,577500
2018-02-22,445000,1180.0,1220,9750,577500
2018-02-23,445000,1180.0,1220,9750,577500
2018-02-26,445000,1180.0,1220,9750,592500
2018-02-27,445000,1180.0,1270,10100,592500
2018-02-28,450000,1195.0,1320,10100,592500
2018-03-01,450000,1200.0,1320,10200,601500
2018-03-02,450000,1200.0,1320,10200,601500
2018-03-05,450000,1200.0,1370,10200,601500
2018-03-06,470000,1210.0,1370,10200,601500
2018-03-07,470000,1210.0,1370,10200,601500
2018-03-08,470000,1210.0,1400,10200,606500
2018-03-09,470000,1230.0,1400,10200,606500
2018-03-12,470000,1230.0,1430,10350,606500
2018-03-13,467500,1220.0,1430,10350,613000
2018-03-14,467500,1220.0,1430,10350,613000
2018-03-15,457500,1215.0,1430,10350,630000
2018-03-16,457500,1215.0,1430,10350,630000
2018-03-19,455000,1215.0,1430,10350,632500
2018-03-20,450000,1195.0,1430,10350,632500
2018-03-21,450000,1195.0,1430,10350,650000
2018-03-22,450000,1195.0,1430,10350,650000
2018-03-23,450000,1195.0,1430,10350,660000
2018-03-26,450000,1195.0,1430,10350,660000
2018-03-27,450000,1195.0,1430,10350,660000
2018-03-28,450000,1195.0,1430,10350,660000
2018-03-29,450000,1195.0,1430,10350,660000
2018-03-30,447500,1195.0,1430,10350,665000
2018-04-02,447500,1195.0,1430,10350,665000
2018-04-03,447500,1190.0,1420,10350,665000
2018-04-04,447500,1190.0,1420,10350,665000
2018-04-09,442500,1182.5,1400,10350,671000
2018-04-10,442500,1182.5,1375,10350,671000
2018-04-11,442500,1182.5,1375,10350,671000
2018-04-12,442500,1182.5,1325,10350,674000
2018-04-13,442500,1170.0,1325,10350,674000
2018-04-16,437500,1170.0,1325,10350,674000
2018-04-17,437500,1170.0,1325,10350,669000
2018-04-18,437500,1170.0,1325,10350,669000
2018-04-19,435000,1165.0,1325,10350,669000
2018-04-20,435000,1165.0,1325,10350,669000
2018-04-23,435000,1165.0,1325,10350,662500
2018-04-24,425000,1155.0,1325,10450,662500
2018-04-25,425000,1155.0,1325,10450,662500
2018-04-26,425000,1155.0,1325,10450,662500
2018-04-27,425000,1155.0,1325,10450,662500
2018-05-02,425000,1155.0,1325,10450,662500
2018-05-03,425000,1155.0,1325,10450,652500
2018-05-04,425000,1155.0,1325,10450,632500
2018-05-07,422500,1155.0,1325,10450,632500
2018-05-08,422500,1155.0,1325,10250,632500
2018-05-09,422500,1155.0,1325,10250,625000
2018-05-10,422500,1155.0,1325,10250,625000
2018-05-11,412500,1155.0,1325,10250,625000
2018-05-14,412500,1155.0,1325,10250,625000
2018-05-15,412500,1155.0,1325,10250,625000
2018-05-16,412500,1155.0,1325,10250,625000
2018-05-17,412500,1155.0,1325,10250,619000
2018-05-18,412500,1155.0,1325,10250,619000
2018-05-21,412500,1155.0,1325,10150,616500
2018-05-22,412500,1155.0,1325,10150,616500
2018-05-23,412500,1155.0,1325,10150,612500
2018-05-24,412500,1155.0,1325,10150,612500
2018-05-25,412500,1155.0,1325,10150,612500
2018-05-28,412500,1155.0,1325,9950,612500
2018-05-29,412500,1155.0,1325,9950,612500
2018-05-30,412500,1155.0,1325,9950,612500
2018-05-31,412500,1155.0,1325,9950,602500
2018-06-01,412500,1155.0,1325,9850,602500
2018-06-04,412500,1155.0,1325,9850,595000
2018-06-05,412500,1155.0,1325,9850,595000
2018-06-06,412500,1155.0,1305,9850,590000
2018-06-07,412500,1155.0,1305,9850,590000
2018-06-08,412500,1155.0,1305,9850,590000
2018-06-11,412500,1165.0,1305,9850,590000
2018-06-12,412500,1165.0,1305,9700,585000
2018-06-13,422500,1172.5,1295,9700,585000
2018-06-14,422500,1172.5,1295,9700,575000
2018-06-15,422500,1175.0,1295,9700,575000
2018-06-19,422500,1175.0,1295,9700,567500
2018-06-20,422500,1175.0,1285,9700,560000
2018-06-21,422500,1175.0,1275,9700,560000
2018-06-22,422500,1175.0,1275,9700,560000
2018-06-25,422500,1170.0,1275,9700,560000
2018-06-26,422500,1170.0,1275,9700,555000
2018-06-27,,,1275,9700,555000
2018-06-28,420000,1162.5,1275,9700,551500
2018-06-29,420000,1162.5,1245,9700,551500
2018-07-02,415000,1157.5,1245,9700,547500
2018-07-03,415000,1157.5,1245,9700,547500
2018-07-04,415000,1157.5,1225,9700,540500
2018-07-05,415000,1157.5,1225,9700,540500
2018-07-06,415000,1157.5,1225,9400,540500
2018-07-09,415000,1155.0,1225,9400,535500
2018-07-10,415000,1155.0,1205,9400,535500
2018-07-11,415000,1155.0,1205,9400,532500
2018-07-12,415000,1155.0,1205,9400,532500
2018-07-13,415000,1155.0,1205,9300,532500
2018-07-16,415000,1155.0,1205,9300,532500
2018-07-17,412500,1155.0,1205,9300,527500
2018-07-18,412500,1155.0,1205,9300,527500
2018-07-19,412500,1155.0,1205,9300,524000
2018-07-20,412500,1155.0,1205,9300,524000
2018-07-23,412500,1155.0,1205,9300,524000
2018-07-24,412500,1155.0,1205,9300,524000
2018-07-25,412500,1155.0,1205,9300,524000
2018-07-26,412500,1155.0,1205,9200,517500
2018-07-27,412500,1155.0,1205,9200,512500
2018-07-30,412500,1155.0,1205,9200,507500
2018-07-31,410000,1150.0,1190,9200,501500
2018-08-01,410000,1150.0,1190,9200,501500
2018-08-02,407500,1145.0,1190,9200,499500
2018-08-03,407500,1145.0,1190,9200,499500
2018-08-06,407500,1145.0,1190,9200,499500
2018-08-07,407500,1145.0,1190,9200,494500
2018-08-08,407500,1145.0,1190,8850,494500
2018-08-09,407500,1145.0,1190,8850,494500
2018-08-10,407500,1141.5,1190,8850,493500
2018-08-13,407500,1141.5,1190,8850,493500
2018-08-14,407500,1141.5,1190,8750,489500
2018-08-15,407500,1141.5,1200,8750,489500
2018-08-16,407500,1142.5,1200,8750,486000
2018-08-17,407500,1142.5,1210,8750,486000
2018-08-20,407500,1142.5,1210,8750,486000
2018-08-21,407500,1142.5,1210,8750,486000
2018-08-22,407500,1142.5,1210,8750,486000
2018-08-23,407500,1142.5,1210,8750,486000
2018-08-24,407500,1142.5,1210,8600,481000
2018-08-27,407500,1142.5,1210,8600,481000
2018-08-28,407500,1142.5,1210,8600,481000
2018-08-29,407500,1142.5,1245,8600,481000
2018-08-30,407500,1142.5,1245,8600,481000
2018-08-31,407500,1145.0,1275,8500,481000
2018-09-03,407500,1145.0,1275,8500,481000
2018-09-04,407500,1145.0,1275,8500,481000
2018-09-05,407500,1145.0,1295,8500,481000
2018-09-06,407500,1145.0,1295,8500,481000
2018-09-07,407500,1145.0,1315,8500,481000
2018-09-10,407500,1145.0,1315,8500,484000
2018-09-11,407500,1145.0,1335,8500,484000
2018-09-12,407500,1145.0,1335,8500,484000
2018-09-13,407500,1145.0,1335,8500,484000
2018-09-14,407500,1145.0,1335,8500,484000
2018-09-17,407500,1147.5,1335,8500,486000
2018-09-18,407500,1147.5,1335,8500,486000
2018-09-19,407500,1152.5,1335,8500,486000
2018-09-20,407500,1152.5,1335,8500,486000
2018-09-21,407500,1152.5,1335,8500,486000
2018-09-25,407500,1152.5,1335,8500,486000
2018-09-26,407500,1152.5,1335,8500,486000
2018-09-27,407500,1149.0,1335,8500,486000
2018-09-28,407500,1149.0,1335,8500,486000
2018-10-08,407500,1149.0,1335,8500,486000
2018-10-09,407500,1149.0,1335,8500,486000
2018-10-10,407500,1149.0,1335,8500,486000
2018-10-11,407500,1149.0,1335,8500,484000
2018-10-12,407500,1149.0,1335,8500,480000
2018-10-15,407500,1149.0,1335,8500,480000
2018-10-16,407500,1149.0,1335,8500,475000
2018-10-17,407500,1149.0,1335,8500,475000
2018-10-18,407500,1149.0,1335,8250,470000
2018-10-19,407500,1149.0,1315,8250,470000
2018-10-22,407500,1147.5,1315,8250,470000
2018-10-23,407500,1147.5,1315,8250,465000
2018-10-24,407500,1147.5,1315,8250,465000
2018-10-25,407500,1147.5,1295,8250,465000
2018-10-26,407500,1147.5,1295,8050,460000
2018-10-29,407500,1147.5,1295,8050,450000
2018-10-30,397500,1147.5,1270,8050,450000
2018-10-31,397500,1147.5,1270,8050,445000
2018-11-01,397500,1147.5,1270,7850,440000
2018-11-02,397500,1147.5,1250,7850,440000
2018-11-05,,,1250,7850,440000
2018-11-06,397500,1147.5,1250,7850,440000
2018-11-07,397500,1145.0,1225,7850,440000
2018-11-08,397500,1145.0,1225,7850,440000
2018-11-09,397500,1145.0,1225,7850,440000
2018-11-12,397500,1145.0,1225,7850,432500
2018-11-13,397500,1147.5,1225,7850,432500
2018-11-14,397500,1147.5,1225,7850,432500
2018-11-15,397500,1147.5,1205,7850,427500
2018-11-16,397500,1152.5,1205,7850,427500
2018-11-19,397500,1152.5,1175,7850,424500
2018-11-20,397500,1155.0,1175,7850,424500
2018-11-21,397500,1167.5,1175,7850,417500
2018-11-22,397500,1167.5,1175,7850,407500
2018-11-23,397500,1167.5,1175,7850,407500
2018-11-26,397500,1190.0,1125,7850,400000
2018-11-27,397500,1190.0,1125,7850,400000
2018-11-28,397500,1230.0,1125,7850,392500
2018-11-29,397500,1230.0,1100,7850,382500
2018-11-30,402500,1230.0,1100,7850,382500
2018-12-03,402500,1240.0,1060,7850,382500
2018-12-04,402500,1240.0,1040,7850,382500
2018-12-05,402500,1240.0,1040,7850,377500
2018-12-06,402500,1240.0,1025,7850,377500
2018-12-07,402500,1240.0,1025,7850,372500
2018-12-10,402500,1240.0,1025,7850,372500
2018-12-11,402500,1240.0,1005,7850,372500
2018-12-12,402500,1240.0,1005,7850,372500
2018-12-13,402500,1240.0,1005,7850,367500
2018-12-14,402500,1230.0,1005,7850,367500
2018-12-17,402500,1220.0,1005,7850,367500
2018-12-18,402500,1220.0,1005,7850,367500
2018-12-19,402500,1220.0,1005,7850,367500
2018-12-20,402500,1215.0,1005,7850,357500
2018-12-21,402500,1215.0,1025,7850,357500
2018-12-24,402500,1215.0,1025,7850,352500
2018-12-25,402500,1215.0,1025,7850,352500
2018-12-26,400500,1210.0,1025,7850,352500
2018-12-27,400500,1210.0,1025,7850,352500
2018-12-28,400500,1210.0,1025,7850,352500
2019-01-02,400500,1210.0,1025,7850,349000
2019-01-03,400500,1210.0,1025,7850,349000
2019-01-04,400500,1210.0,1025,7850,349000
2019-01-07,400500,1210.0,1025,7850,349000
2019-01-08,399500,1210.0,1025,7850,349000
2019-01-09,399500,1210.0,1025,7850,349000
2019-01-10,399500,1210.0,1025,7850,349000
2019-01-11,399500,1210.0,1025,7850,349000
2019-01-14,399500,1210.0,1025,7850,349000
2019-01-15,399500,1210.0,1025,7850,346000
2019-01-16,399500,1210.0,1025,7850,346000
2019-01-17,399500,1210.0,1025,7850,339000
2019-01-18,398000,1210.0,1025,7850,339000
2019-01-21,398000,1210.0,1025,7850,339000
2019-01-22,398000,1210.0,1025,7850,339000
2019-01-23,398000,1210.0,1025,7850,336000
2019-01-24,398000,1210.0,1025,7850,330000
2019-01-25,398000,1210.0,1025,7850,330000
2019-01-28,398000,1210.0,1025,7850,330000
2019-01-29,398000,1210.0,1025,7850,330000
2019-01-30,398000,1210.0,1025,7850,330000
2019-01-31,398000,1210.0,1025,7850,327500
2019-02-01,398000,1210.0,1025,7850,327500
2019-02-11,398000,1210.0,1025,7850,327500
2019-02-12,398000,1210.0,1025,7850,327500
2019-02-13,398000,1210.0,1025,7850,327500
2019-02-14,398000,1210.0,1025,7850,322500
2019-02-15,398000,1230.0,1025,7850,322500
2019-02-18,398000,1230.0,1025,7850,317500
2019-02-19,398000,1230.0,1025,7850,317500
2019-02-20,398000,1250.0,1025,7850,317500
2019-02-21,398000,1250.0,1025,7850,307500
2019-02-22,398000,1250.0,1025,7850,307500
2019-02-25,398000,1250.0,1025,7850,300000
2019-02-26,390000,1260.0,1015,7850,300000
2019-02-27,390000,1260.0,1015,7850,300000
2019-02-28,390000,1270.0,1015,7850,300000
2019-03-01,390000,1270.0,1015,7850,296000
2019-03-04,390000,1270.0,1015,7850,296000
2019-03-05,390000,1270.0,1015,7850,292500
2019-03-06,389000,1270.0,1015,7850,292500
2019-03-07,389000,1270.0,1015,7750,290000
2019-03-08,389000,1270.0,1015,7750,290000
2019-03-11,385000,1310.0,1015,7750,290000
2019-03-12,380000,1330.0,1015,7750,288500
2019-03-13,380000,1330.0,1015,7750,288500
2019-03-14,380000,1335.0,1015,7750,283500
2019-03-15,375000,1355.0,1015,7750,283500
2019-03-18,375000,1380.0,1015,7750,283500
2019-03-19,375000,1380.0,1015,7750,275000
2019-03-20,375000,1395.0,1015,7750,275000
2019-03-21,375000,1415.0,1015,7750,270000
2019-03-22,375000,1415.0,1015,7750,267000
2019-03-25,375000,1445.0,1015,7750,265000
2019-03-26,375000,1460.0,1015,7750,265000
2019-03-27,375000,1470.0,1015,7750,265000
2019-03-28,375000,1470.0,1015,7550,265000
2019-03-29,375000,1470.0,1015,7550,271000
2019-04-01,372500,1470.0,1015,7550,271000
2019-04-02,372500,1470.0,1015,7550,271000
2019-04-03,372500,1470.0,1015,7550,273500
2019-04-04,372500,1470.0,1015,7550,273500
2019-04-08,372500,1470.0,1015,7550,273500
2019-04-09,367500,1470.0,1015,7550,273500
2019-04-10,367500,1475.0,1015,7550,273500
2019-04-11,367500,1475.0,1015,7550,273500
2019-04-12,352500,1475.0,1015,7550,273500
2019-04-15,352500,1475.0,1015,7550,273500
2019-04-16,342500,1485.0,1015,7550,273500
2019-04-17,342500,1485.0,1005,7550,273500
2019-04-18,337500,1485.0,1005,7550,273500
2019-04-19,337500,1485.0,1005,7550,273500
2019-04-22,337500,1485.0,995,7550,273500
2019-04-23,337500,1485.0,995,7550,273500
2019-04-24,337500,1485.0,995,7550,273500
2019-04-25,337500,1485.0,995,7550,273500
2019-04-26,337500,1485.0,985,7550,273500
2019-04-29,337500,1485.0,985,7550,273500
2019-04-30,337500,1485.0,985,7550,270500
2019-05-06,337500,1485.0,975,7550,267500
2019-05-07,337500,1485.0,975,7550,267500
2019-05-08,337500,1485.0,975,7550,267500
2019-05-09,337500,1500.0,975,7550,267500
2019-05-10,337500,1525.0,975,7550,267500
2019-05-13,337500,1555.0,975,7550,262500
2019-05-14,337500,1570.0,975,7550,262500
2019-05-15,337500,1590.0,975,7550,260000
2019-05-16,337500,1610.0,975,7550,260000
2019-05-17,337500,1635.0,975,7550,260000
2019-05-20,337500,1710.0,975,7450,258000
2019-05-21,342500,1775.0,975,7450,258000
2019-05-22,387500,1925.0,975,7450,258000
2019-05-23,440000,1955.0,975,7450,256000
2019-05-24,450000,1975.0,975,7450,256000
2019-05-27,450000,1975.0,975,7450,256000
2019-05-28,440000,1975.0,975,7450,252000
2019-05-29,440000,1975.0,975,7450,252000
2019-05-30,440000,1975.0,975,7450,248500
2019-05-31,440000,1975.0,975,7450,248500
2019-06-03,440000,1975.0,975,7450,248500
2019-06-04,455000,1975.0,975,7450,247500
2019-06-05,455000,1975.0,975,7450,247500
2019-06-06,455000,2000.0,975,7450,247500
2019-06-10,457500,2000.0,975,7450,247500
2019-06-11,457500,2000.0,975,7450,247500
2019-06-12,457500,2000.0,975,7450,247500
2019-06-13,470000,2000.0,975,7450,247500
2019-06-14,472000,2000.0,975,7450,247500
2019-06-17,474000,2000.0,975,7450,247500
2019-06-18,474000,2000.0,975,7500,247500
2019-06-19,484000,2000.0,975,7500,247500
2019-06-20,470000,2000.0,975,7500,242500
2019-06-21,470000,2000.0,975,7500,240500
2019-06-24,470000,2000.0,975,7500,240500
2019-06-25,457500,2000.0,975,7500,239500
2019-06-26,457500,1965.0,975,7500,238500
2019-06-27,445000,1965.0,975,7500,238500
2019-06-28,445000,1945.0,975,7500,237500
2019-07-01,445000,1945.0,975,7500,234500
2019-07-02,445000,1945.0,1000,7500,231500
2019-07-03,445000,1945.0,1000,7500,231500
2019-07-04,445000,1945.0,1000,7500,228500
2019-07-05,435000,1945.0,1000,7500,226500
2019-07-08,435000,1945.0,1000,7500,225000
2019-07-09,425000,1945.0,1000,7500,225000
2019-07-10,415000,1920.0,1000,7500,222000
2019-07-11,415000,1920.0,1000,7500,221000
2019-07-12,415000,1920.0,1000,7500,221000
2019-07-15,415000,1910.0,1000,7500,221000
2019-07-16,415000,1910.0,1000,7500,221000
2019-07-17,415000,1910.0,1000,7500,221000
2019-07-18,412500,1910.0,1000,7500,219000
2019-07-19,402500,1910.0,1000,7500,219000
2019-07-22,402500,1910.0,1000,7500,219000
2019-07-23,397500,1870.0,1000,7500,219000
2019-07-24,385000,1835.0,1000,7500,219000
2019-07-25,382500,1815.0,1000,7500,219000
2019-07-26,382500,1840.0,1000,7500,219000
2019-07-29,382500,1840.0,1000,7500,219000
2019-07-30,382500,1840.0,1000,7500,219000
2019-07-31,382500,1860.0,1000,7500,222000
2019-08-01,382500,1860.0,1000,7500,224000
2019-08-02,382500,1905.0,1000,7500,224000
2019-08-05,382500,1915.0,1000,7500,225000
2019-08-06,386000,1940.0,1000,7500,225000
2019-08-07,387500,1950.0,1000,7500,230000
2019-08-08,387500,1950.0,1000,7500,230000
2019-08-09,387500,1950.0,1000,7500,230000
2019-08-12,387500,1950.0,1000,7500,237000
2019-08-13,387500,1950.0,1000,7500,237000
2019-08-14,387500,1940.0,1000,7500,242000
2019-08-15,381500,1940.0,1000,7500,242000
2019-08-16,386500,1940.0,1000,7500,247000
2019-08-19,386500,1940.0,1000,7500,247000
2019-08-20,391500,1930.0,1000,7500,252000
2019-08-21,395500,1930.0,1000,7500,252000
2019-08-22,395500,1920.0,1000,7500,252000
2019-08-23,395500,1915.0,1000,7500,252000
2019-08-26,395500,1915.0,1000,7500,252000
2019-08-27,395500,1915.0,1000,7500,252000
2019-08-28,395500,1910.0,1000,7500,252000
2019-08-29,395500,1910.0,1000,7500,257000
2019-08-30,398000,1910.0,1000,7500,257000
2019-09-02,401500,1910.0,1000,7500,257000
2019-09-03,401500,1910.0,1000,7500,262000
2019-09-04,406500,1910.0,1000,7500,262000
2019-09-05,411500,1925.0,1000,7450,267000
2019-09-06,413500,1930.0,1000,7450,267000
2019-09-09,413500,1930.0,1000,7450,273000
2019-09-10,413500,1930.0,1000,7450,273000
2019-09-11,413500,1930.0,1000,7450,273000
2019-09-12,415500,1930.0,1000,7450,278000
2019-09-16,415500,1930.0,1000,7450,278000
2019-09-17,415500,1920.0,1000,7450,278000
2019-09-18,412500,1900.0,1000,7450,278000
2019-09-19,412500,1890.0,1000,7450,285000
2019-09-20,412500,1890.0,1000,7450,285000
2019-09-23,412500,1890.0,1000,7450,285000
2019-09-24,412500,1870.0,1000,7450,285000
2019-09-25,412500,1865.0,1000,7450,285000
2019-09-26,412500,1865.0,1000,7450,285000
2019-09-27,407500,1865.0,1000,7450,290000
2019-09-30,407500,1865.0,1000,7450,290000
2019-10-08,407500,1865.0,1000,7450,290000
2019-10-09,405500,1835.0,1000,7400,290000
2019-10-10,405500,1815.0,1000,7400,290000
2019-10-11,405500,1815.0,1000,7400,290000
2019-10-14,397500,1765.0,1000,7400,290000
2019-10-15,397500,1765.0,1000,7400,290000
2019-10-16,395000,1745.0,1000,7400,290000
2019-10-17,392500,1715.0,1000,7400,290000
2019-10-18,387500,1705.0,1000,7400,290000
2019-10-21,387500,1715.0,1000,7400,290000
2019-10-22,387500,1665.0,1000,7400,290000
2019-10-23,382500,1645.0,1000,7400,290000
2019-10-24,377500,1615.0,1000,7400,290000
2019-10-25,374500,1615.0,1000,7400,290000
2019-10-28,370500,1595.0,1000,7400,290000
2019-10-29,367500,1565.0,1000,7400,290000
2019-10-30,370500,1565.0,1000,7400,287500
2019-10-31,370500,1535.0,1000,7400,287500
2019-11-01,367500,1535.0,1000,7400,287500
2019-11-04,365500,1515.0,1000,7400,287500
2019-11-05,365500,1515.0,1000,7400,287500
2019-11-06,363500,1515.0,990,7400,282500
2019-11-07,363500,1515.0,990,7400,277500
2019-11-08,363500,1525.0,990,7300,277500
2019-11-11,363500,1530.0,990,7300,275000
2019-11-12,360500,1540.0,990,7300,275000
2019-11-13,360500,1540.0,990,7300,267000
2019-11-14,360500,1550.0,990,7300,263000
2019-11-15,360500,1560.0,990,7300,263000
2019-11-18,358500,1560.0,990,7300,261500
2019-11-19,358500,1570.0,990,7300,261500
2019-11-20,357500,1565.0,990,7300,261500
2019-11-21,358500,1580.0,990,7300,261500
2019-11-22,360500,1590.0,990,7300,261500
2019-11-25,363000,1610.0,990,7150,261500
2019-11-26,363000,1620.0,990,7150,261500
2019-11-27,363000,1620.0,990,7150,261500
2019-11-28,360000,1630.0,990,7150,260000
2019-11-29,360000,1630.0,990,7150,260000
2019-12-02,360000,1640.0,990,7150,260000
2019-12-03,362000,1660.0,990,7100,260000
2019-12-04,362500,1670.0,990,7100,260000
2019-12-05,363500,1680.0,990,7100,260000
2019-12-06,364500,1690.0,990,7100,260000
2019-12-09,364500,1690.0,990,7100,260000
2019-12-10,364500,1710.0,990,7000,260000
2019-12-11,364500,1720.0,990,7000,260000
2019-12-12,366500,1720.0,980,6950,260000
2019-12-13,366500,1720.0,980,6950,258000
2019-12-16,364500,1730.0,980,6950,258000
2019-12-17,364500,1740.0,980,6900,258000
2019-12-18,364500,1740.0,980,6900,258000
2019-12-19,364500,1750.0,980,6900,258000
2019-12-20,360500,1750.0,980,6900,258000
2019-12-23,359000,1750.0,980,6900,258000
2019-12-24,359000,1750.0,980,6750,258000
2019-12-25,359000,1750.0,980,6750,258000
2019-12-26,359000,1750.0,980,6750,258000
2019-12-27,359000,1750.0,980,6750,258000
2019-12-30,362000,1750.0,980,6750,263000
2019-12-31,362000,1750.0,980,6750,263000
2020-01-02,367000,1750.0,980,6750,266000
2020-01-03,367000,1735.0,980,6750,266000
2020-01-06,367000,1715.0,980,6750,266000
2020-01-07,367000,1715.0,980,6750,271000
2020-01-08,367000,1705.0,980,6750,274000
2020-01-09,367000,1705.0,980,6750,276000
2020-01-10,367000,1700.0,980,6750,276000
2020-01-13,367000,1700.0,980,6750,276000
2020-01-14,367000,1700.0,980,6750,276000
2020-01-15,367000,1700.0,980,6750,276000
2020-01-16,367500,1700.0,980,6750,276000
2020-01-17,367500,1700.0,975,6750,276000
2020-01-20,367500,1700.0,975,6750,276000
2020-01-21,367500,1700.0,975,6750,276000
2020-01-22,367500,1700.0,975,6750,276000
2020-01-23,367500,1700.0,975,6750,276000
2020-02-03,367500,1700.0,975,6750,276000
2020-02-04,367500,1700.0,975,6750,276000
2020-02-05,367500,1700.0,975,6750,276000
2020-02-06,367500,1700.0,975,6750,276000
2020-02-07,367500,1705.0,975,6750,276000
2020-02-10,367500,1705.0,975,6750,276000
2020-02-11,367500,1705.0,975,6750,276000
2020-02-12,367500,1715.0,975,6750,276000
2020-02-13,368500,1735.0,975,6750,276000
2020-02-14,368500,1735.0,975,6850,276000
2020-02-17,368500,1735.0,975,6850,276000
2020-02-18,368500,1750.0,975,6850,276000
2020-02-19,372500,1775.0,975,6850,276000
2020-02-20,372500,1785.0,975,6850,277500
2020-02-21,372500,1805.0,975,6850,277500
2020-02-24,372500,1805.0,975,6850,277500
2020-02-25,372500,1815.0,975,6850,277500
2020-02-26,372500,1815.0,965,6850,277500
2020-02-27,372500,1825.0,965,6850,277500
2020-02-28,372500,1835.0,965,6850,277500
2020-03-02,372500,1845.0,965,6850,277500
2020-03-03,382500,1855.0,965,6850,277500
2020-03-04,382500,1855.0,970,6850,277500
2020-03-05,382500,1855.0,970,6850,276000
2020-03-06,380500,1855.0,970,6850,276000
2020-03-09,380500,1855.0,975,6850,276000
2020-03-10,380500,1855.0,975,6850,276000
2020-03-11,377500,1865.0,975,6850,271000
2020-03-12,377500,1885.0,975,6850,268500
2020-03-13,377500,1885.0,975,6850,267500
2020-03-16,377500,1885.0,975,6850,264500
2020-03-17,377500,1885.0,980,6850,262500
2020-03-18,377500,1895.0,980,6850,262500
2020-03-19,377500,1895.0,980,6850,257500
2020-03-20,377500,1895.0,980,6850,257500
2020-03-23,375500,1885.0,985,6850,257500
2020-03-24,375500,1885.0,985,6850,251000
2020-03-25,375500,1870.0,990,6850,251000
2020-03-26,372500,1840.0,990,6850,251000
2020-03-27,372500,1830.0,990,6850,251000
2020-03-30,372500,1820.0,990,6850,251000
2020-03-31,372500,1820.0,990,6850,251000
2020-04-01,367500,1795.0,990,6850,251000
2020-04-02,362500,1795.0,990,6850,251000
2020-04-03,362500,1795.0,1010,6850,251000
2020-04-07,360000,1795.0,1010,6850,247500
2020-04-08,360000,1785.0,1010,6850,247500
2020-04-09,360000,1785.0,1010,6850,246000
2020-04-10,358500,1785.0,1010,6850,246000
2020-04-13,358500,1785.0,1010,6850,246000
2020-04-14,358500,1790.0,1010,6850,246000
2020-04-15,353500,1790.0,1010,6850,246000
2020-04-16,353500,1795.0,1010,6850,245000
2020-04-17,353500,1795.0,1010,6850,245000
2020-04-20,353500,1795.0,1010,6850,245000
2020-04-21,353500,1795.0,1010,6850,245000
2020-04-22,353500,1795.0,1010,6850,245000
2020-04-23,353500,1795.0,1010,6850,240000
2020-04-24,353500,1795.0,1010,6850,240000
2020-04-27,353500,1795.0,1010,6850,235000
2020-04-28,353500,1795.0,1010,6850,232500
2020-04-29,353500,1785.0,1010,6850,232500
2020-04-30,353500,1785.0,1010,6850,232500
2020-05-06,353500,1775.0,1010,6900,232500
2020-05-07,353500,1775.0,1010,6900,232500
2020-05-08,353500,1770.0,1010,6900,232500
2020-05-11,354500,1770.0,1010,6900,237500
2020-05-12,354500,1770.0,1010,6900,237500
2020-05-13,354500,1770.0,1010,6900,237500
2020-05-14,354500,1770.0,1010,6900,242500
2020-05-15,354500,1790.0,1010,6900,242500
2020-05-18,354500,1850.0,1005,6900,245000
2020-05-19,354500,1870.0,1005,6900,245000
2020-05-20,354500,1890.0,1005,6900,245000
2020-05-21,354500,1890.0,1005,6900,248000
2020-05-22,354500,1940.0,1005,6900,250000
2020-05-25,354500,1940.0,1005,6900,253000
2020-05-26,354500,1940.0,1000,6900,253000
2020-05-27,354500,1940.0,1000,6900,253000
2020-05-28,354500,1940.0,1000,6900,253000
2020-05-29,354500,1940.0,1000,6900,253000
2020-06-01,354500,1940.0,1000,6900,253000
2020-06-02,354500,1940.0,1000,6900,253000
2020-06-03,354500,1940.0,1000,6900,253000
2020-06-04,357500,1940.0,1000,6900,253000
2020-06-05,357500,1940.0,1000,6900,253000
2020-06-08,365500,1940.0,1000,6900,253000
2020-06-09,368500,1940.0,1000,6900,253000
2020-06-10,368500,1940.0,1000,6900,253000
2020-06-11,377500,1940.0,1000,6900,252500
2020-06-12,376000,1940.0,1000,6900,252500
2020-06-15,376000,1940.0,1000,6900,252500
2020-06-16,374000,1940.0,1000,6900,252500
2020-06-17,371500,1940.0,990,6900,252500
2020-06-18,371500,1940.0,990,6900,250000
2020-06-19,371500,1940.0,990,6950,250000
2020-06-22,371500,1940.0,990,6950,250000
2020-06-23,372000,1940.0,990,6950,247000
2020-06-24,377500,1920.0,990,6950,245000
2020-06-29,382000,1920.0,990,6950,240000
2020-06-30,382000,1920.0,990,6950,237500
2020-07-01,382000,1910.0,990,6950,237500
2020-07-02,382000,1900.0,990,6950,237500
2020-07-03,382000,1900.0,985,6950,237500
2020-07-06,385000,1885.0,985,6950,237500
2020-07-07,388000,1885.0,985,6950,237500
2020-07-08,388000,1885.0,985,6950,237500
2020-07-09,388000,1885.0,985,6950,237500
2020-07-10,388000,1885.0,985,6950,237500
2020-07-13,392500,1885.0,985,6950,237500
2020-07-14,392500,1870.0,985,6950,237500
2020-07-15,392500,1845.0,985,6950,237500
2020-07-16,392500,1845.0,985,6950,239500
2020-07-17,392500,1845.0,985,6950,239500
2020-07-20,392500,1845.0,985,6950,239500
2020-07-21,392500,1845.0,985,6950,242500
2020-07-22,392500,1845.0,985,6950,242500
2020-07-23,392500,1845.0,985,6950,242500
2020-07-24,392500,1845.0,985,6950,244500
2020-07-27,392500,1845.0,985,6950,249500
2020-07-28,395500,1845.0,985,6950,254500
2020-07-29,395500,1855.0,985,6950,254500
2020-07-30,395500,1855.0,985,6950,264500
2020-07-31,400000,1855.0,985,6950,264500
2020-08-03,402500,1855.0,985,6950,267500
2020-08-04,405500,1855.0,985,6950,272500
2020-08-05,405500,1855.0,1005,6850,275500
2020-08-06,410500,1855.0,1005,6850,275500
2020-08-07,417500,1865.0,1015,6850,275500
2020-08-10,424500,1865.0,1015,6850,275500
2020-08-11,424500,1865.0,1015,6850,275500
2020-08-12,432500,1865.0,1015,6850,275500
2020-08-13,438500,1865.0,1025,6850,275500
2020-08-14,444500,1865.0,1025,6850,275500
2020-08-17,452500,1865.0,1025,6850,275500
2020-08-18,452500,1865.0,1025,6850,275500
2020-08-19,457500,1835.0,1075,6850,275500
2020-08-20,460500,1825.0,1075,6850,275500
2020-08-21,464500,1825.0,1105,6850,275500
2020-08-24,459500,1805.0,1105,6850,275500
2020-08-25,459500,1805.0,1105,6850,275500
2020-08-26,462500,1800.0,1115,6850,275500
2020-08-27,462500,1800.0,1130,6850,275500
2020-08-28,459500,1800.0,1150,6850,275500
2020-08-31,459500,1800.0,1150,6850,275500
2020-09-01,459500,1780.0,1200,6850,275500
2020-09-02,459500,1780.0,1250,6850,275500
2020-09-03,459500,1770.0,1250,6850,275500
2020-09-04,459500,1750.0,1250,6850,275500
2020-09-07,459500,1750.0,1250,6850,275500
2020-09-08,455000,1750.0,1250,6850,274000
2020-09-09,455000,1735.0,1250,6850,274000
2020-09-10,455000,1735.0,1250,6850,274000
2020-09-11,455000,1720.0,1250,6850,274000
2020-09-14,452000,1710.0,1250,6900,274000
2020-09-15,452000,1710.0,1250,6900,274000
2020-09-16,452000,1710.0,1250,6950,275500
2020-09-17,452000,1705.0,1250,6950,275500
2020-09-18,452000,1710.0,1250,6950,275500
2020-09-21,452000,1710.0,1250,6950,275500
2020-09-22,447000,1710.0,1250,6950,274000
2020-09-23,447000,1705.0,1250,6950,274000
2020-09-24,444000,1700.0,1250,6950,274000
2020-09-25,442500,1700.0,1250,7000,274000
2020-09-28,442500,1700.0,1250,7050,274000
2020-09-29,438000,1680.0,1250,7050,274000
2020-09-30,438000,1680.0,1250,7050,274000
2020-10-09,438000,1680.0,1250,7050,274000
2020-10-12,433000,1635.0,1250,7050,274000
2020-10-13,433000,1630.0,1250,7050,271500
2020-10-14,433000,1630.0,1250,7050,271500
2020-10-15,433000,1630.0,1250,7050,271500
2020-10-16,433000,1630.0,1250,7050,271500
2020-10-19,433000,1630.0,1250,7050,271500
2020-10-20,438000,1630.0,1250,7050,270000
2020-10-21,440000,1640.0,1250,7050,270000
2020-10-22,440000,1640.0,1250,7050,270000
2020-10-23,440000,1640.0,1270,7050,270000
2020-10-26,442000,1660.0,1270,7050,270000
2020-10-27,442000,1660.0,1270,7050,270000
2020-10-28,442000,1670.0,1270,7050,270000
2020-10-29,444000,1670.0,1270,7100,270000
2020-10-30,447000,1670.0,1270,7100,270000
2020-11-02,447000,1680.0,1270,7100,270000
2020-11-03,447000,1680.0,1270,7100,267000
2020-11-04,455000,1715.0,1270,7100,267000
2020-11-05,464000,1715.0,1270,7100,267000
2020-11-06,466000,1730.0,1270,7100,267000
2020-11-09,466000,1730.0,1270,7100,267000
2020-11-10,467500,1730.0,1280,7100,267000
2020-11-11,473000,1730.0,1330,7100,267000
2020-11-12,473000,1735.0,1360,7100,267000
2020-11-13,479000,1735.0,1360,7100,265000
2020-11-16,479000,1735.0,1360,7100,265000
2020-11-17,482000,1735.0,1360,7100,265000
2020-11-18,492500,1740.0,1360,7100,265000
2020-11-19,502500,1740.0,1360,7100,265000
2020-11-20,508000,1770.0,1430,7100,265000
2020-11-23,520000,1780.0,1480,7100,265000
2020-11-24,542500,1785.0,1480,7100,264000
2020-11-25,580000,1845.0,1480,7100,264000
2020-11-26,610000,1890.0,1480,7100,264000
2020-11-27,630000,1910.0,1480,7100,264000
2020-11-30,630000,1910.0,1530,7100,264000
2020-12-01,635000,1940.0,1580,7100,264000
2020-12-02,635000,1940.0,1580,7100,264000
2020-12-03,635000,1940.0,1630,7100,264000
2020-12-04,635000,1940.0,1630,7100,264000
2020-12-07,635000,1960.0,1630,7100,264000
2020-12-08,625000,1960.0,1630,7100,264000
2020-12-09,625000,1960.0,1630,7100,264000
2020-12-10,615000,1960.0,1660,7100,264000
2020-12-11,610000,1960.0,1660,7100,264000
2020-12-14,610000,1960.0,1660,7100,264000
2020-12-15,605000,1940.0,1660,7100,264000
2020-12-16,595000,1940.0,1660,7100,264000
2020-12-17,595000,1940.0,1660,7100,264000
2020-12-18,595000,1940.0,1660,7100,264000
2020-12-21,595000,1940.0,1720,7100,264000
2020-12-22,602500,1940.0,1720,7100,264000
2020-12-23,602500,1940.0,1720,7100,264000
2020-12-24,607500,1940.0,1720,7100,266000
2020-12-25,607500,1940.0,1720,7100,270000
2020-12-28,607500,1940.0,1740,7100,272000
2020-12-29,612500,1940.0,1740,7100,272000
2020-12-30,620000,1940.0,1740,7100,272000
2020-12-31,622500,1940.0,1740,7100,274000
2021-01-04,622500,1950.0,1740,7100,274000
2021-01-05,627500,1950.0,1740,7100,277000
2021-01-06,630000,1970.0,1740,7100,280000
2021-01-07,630000,1970.0,1740,7100,285000
2021-01-08,635000,1980.0,1740,7100,288000
2021-01-11,645000,2010.0,1740,7100,288000
2021-01-12,655000,2030.0,1740,7100,290000
2021-01-13,655000,2030.0,1740,7100,292000
2021-01-14,665000,2065.0,1790,7100,297000
2021-01-15,675000,2085.0,1860,7100,299500
2021-01-18,680000,2135.0,1860,7100,299500
2021-01-19,685000,2155.0,1860,7100,299500
2021-01-20,685000,2190.0,1860,7100,299500
2021-01-21,700000,2200.0,1860,7100,299500
2021-01-22,700000,2200.0,1860,7100,302500
2021-01-25,710000,2210.0,1925,7100,302500
2021-01-26,710000,2210.0,1925,7100,306500
2021-01-27,710000,2200.0,1925,7100,307500
2021-01-28,710000,2260.0,1975,7100,307500
2021-01-29,710000,2265.0,1975,7100,308500
2021-02-01,710000,2310.0,1975,7100,311500
2021-02-02,710000,2310.0,1975,7100,314000
2021-02-03,710000,2310.0,1975,7100,317000
2021-02-04,710000,2310.0,1975,7100,319000
2021-02-05,710000,2370.0,1975,7100,319000
2021-02-08,710000,2410.0,1975,7100,319000
2021-02-09,710000,2410.0,1975,7100,319000
2021-02-10,710000,2410.0,1975,7100,319000
2021-02-18,710000,2410.0,1975,7100,329000
2021-02-19,710000,2420.0,1975,7100,339000
2021-02-22,710000,2420.0,1975,7100,349000
2021-02-23,762500,2500.0,1975,7100,364000
2021-02-24,782500,2600.0,1975,7100,384000
2021-02-25,782500,2750.0,2025,7100,394000
2021-02-26,835000,2750.0,2025,7100,396500
2021-03-01,835000,2900.0,2125,7100,396500
2021-03-02,850000,3000.0,2125,7100,396500
2021-03-03,885000,3000.0,2175,7100,396500
2021-03-04,885000,3050.0,2175,7100,396500
2021-03-05,885000,3050.0,2225,7100,396500
2021-03-08,885000,3050.0,2225,7100,396500
2021-03-09,855000,3050.0,2225,7100,396500
2021-03-10,855000,3050.0,2275,7100,396500
2021-03-11,855000,2990.0,2275,7100,396500
2021-03-12,855000,2990.0,2275,7100,396500
2021-03-15,855000,2990.0,2325,7100,386500
2021-03-16,855000,2990.0,2375,7100,381500
2021-03-17,855000,2990.0,2375,7100,378500
2021-03-18,855000,3020.0,2375,7100,373500
2021-03-19,855000,3020.0,2425,7100,368500
2021-03-22,855000,3030.0,2425,7100,365500
2021-03-23,855000,3030.0,2450,7100,362500
2021-03-24,855000,3055.0,2450,7100,357500
2021-03-25,855000,3055.0,2450,7100,356000
2021-03-26,835000,3055.0,2450,7100,356000
2021-03-29,832500,3075.0,2450,7100,356000
2021-03-30,832500,3075.0,2400,7100,356000
2021-03-31,827500,3055.0,2400,7100,356000
2021-04-01,777500,3055.0,2350,7100,356000
2021-04-02,777500,3055.0,2350,7100,356000
2021-04-06,765000,3055.0,2350,7100,356000
2021-04-07,765000,3090.0,2310,7100,356000
2021-04-08,765000,3090.0,2310,7100,356000
2021-04-09,765000,3090.0,2310,7100,358000
2021-04-12,765000,3090.0,2310,7150,358000
2021-04-13,765000,3090.0,2290,7150,358000
2021-04-14,740000,3070.0,2290,7150,358000
2021-04-15,740000,3050.0,2260,7150,356500
2021-04-16,740000,3010.0,2260,7150,356500
2021-04-19,740000,2990.0,2240,7150,356500
2021-04-20,740000,2940.0,2240,7200,353500
2021-04-21,720000,2890.0,2240,7200,353500
2021-04-22,710000,2870.0,2220,7200,350500
2021-04-23,710000,2870.0,2220,7200,350500
2021-04-26,710000,2825.0,2220,7200,350500
2021-04-27,710000,2650.0,2220,7200,350500
2021-04-28,695000,2650.0,2190,7200,350500
2021-04-29,695000,2650.0,2190,7300,350500
2021-04-30,695000,2650.0,2190,7300,350500
2021-05-06,695000,2550.0,2180,7300,350500
2021-05-07,695000,2550.0,2180,7300,350500
2021-05-10,695000,2550.0,2170,7300,346500
2021-05-11,655000,2550.0,2170,7300,346500
2021-05-12,655000,2500.0,2170,7300,346500
2021-05-13,655000,2500.0,2170,7300,346500
2021-05-14,637500,2500.0,2135,7300,346500
2021-05-17,637500,2450.0,2135,7300,346500
2021-05-18,632500,2350.0,2135,7300,346500
2021-05-19,627500,2365.0,2135,7300,346500
2021-05-20,615000,2365.0,2135,7300,346500
2021-05-21,615000,2340.0,2135,7350,346500
2021-05-24,615000,2395.0,2135,7400,346500
2021-05-25,605000,2425.0,2135,7400,346500
2021-05-26,605000,2425.0,2135,7400,346500
2021-05-27,605000,2425.0,2135,7400,346500
2021-05-28,605000,2475.0,2145,7400,346500
2021-05-31,605000,2475.0,2145,7400,346500
2021-06-01,605000,2455.0,2145,7450,346500
2021-06-02,605000,2455.0,2145,7450,346500
2021-06-03,605000,2440.0,2145,7500,346500
2021-06-04,602500,2425.0,2145,7500,346500
2021-06-07,602500,2375.0,2145,7500,346500
2021-06-08,602500,2355.0,2145,7500,346500
2021-06-09,602500,2340.0,2145,7500,346500
2021-06-10,602500,2325.0,2145,7500,346500
2021-06-11,602500,2305.0,2145,7500,346500
2021-06-15,602500,2305.0,2145,7500,346500
2021-06-16,595000,2305.0,2145,7550,346500
2021-06-17,590000,2305.0,2145,7550,346500
2021-06-18,590000,2305.0,2145,7550,346500
2021-06-21,590000,2305.0,2145,7550,346500
2021-06-22,585000,2280.0,2145,7600,346500
2021-06-23,582500,2280.0,2145,7600,346500
2021-06-24,582500,2280.0,2145,7600,346500
2021-06-25,582500,2275.0,2145,7650,348000
2021-06-28,582500,2275.0,2125,7650,348000
2021-06-29,582500,2275.0,2125,7650,349500
2021-06-30,582500,2325.0,2125,7650,349500
2021-07-01,587500,2350.0,2125,7650,351500
2021-07-02,608000,2375.0,2125,7650,356500
2021-07-05,608000,2440.0,2115,7650,361500
2021-07-06,608000,2440.0,2115,7700,364500
2021-07-07,608000,2440.0,2115,7700,366500
2021-07-08,608000,2440.0,2115,7700,367500
2021-07-09,655000,2440.0,2115,7700,370500
2021-07-12,655000,2490.0,2100,7700,370500
2021-07-13,655000,2465.0,2100,7700,370500
2021-07-14,655000,2465.0,2100,7700,370500
2021-07-15,655000,2465.0,2100,7700,375500
2021-07-16,665000,2525.0,2100,7700,379500
2021-07-19,720000,2525.0,2100,7700,379500
2021-07-20,725000,2575.0,2075,7700,379500
2021-07-21,725000,2600.0,2075,7700,379500
2021-07-22,720000,2625.0,2075,7800,379500
2021-07-23,720000,2625.0,2075,7800,379500
2021-07-26,720000,2625.0,2025,7800,379500
2021-07-27,752500,2590.0,2025,7800,379500
2021-07-28,752500,2610.0,1985,7900,379500
2021-07-29,752500,2630.0,1985,7950,379500
2021-07-30,775000,2640.0,1960,8050,379500
2021-08-02,775000,2665.0,1960,8150,379500
2021-08-03,790000,2710.0,1960,8150,379500
2021-08-04,780000,2710.0,1940,8150,377000
2021-08-05,780000,2710.0,1940,8200,377000
2021-08-06,780000,2710.0,1920,8200,374500
2021-08-09,780000,2710.0,1920,8250,372000
2021-08-10,780000,2710.0,1920,8300,367000
2021-08-11,780000,2710.0,1920,8300,364500
2021-08-12,780000,2710.0,1920,8400,362500
2021-08-13,780000,2710.0,1920,8450,362500
2021-08-16,780000,2665.0,1920,8450,362500
2021-08-17,775000,2665.0,1925,8450,362500
2021-08-18,775000,2615.0,1925,8450,362500
2021-08-19,775000,2590.0,1925,8450,362500
2021-08-20,775000,2590.0,1925,8450,362500
2021-08-23,775000,2625.0,1925,8450,362500
2021-08-24,775000,2625.0,1925,8450,362500
2021-08-25,775000,2610.0,1925,8450,362500
2021-08-26,775000,2590.0,1925,8450,362500
2021-08-27,770000,2590.0,1925,8450,362500
2021-08-30,770000,2590.0,1925,8450,362500
2021-08-31,770000,2570.0,1925,8500,362500
2021-09-01,765000,2560.0,1925,8550,362500
2021-09-02,765000,2550.0,1925,8550,365500
2021-09-03,765000,2530.0,1925,8550,365500
2021-09-06,765000,2530.0,1925,8550,365500
2021-09-07,765000,2530.0,1925,8650,365500
2021-09-08,765000,2565.0,1925,8650,365500
2021-09-09,765000,2565.0,1925,8650,368500
2021-09-10,765000,2570.0,1925,8650,372500
2021-09-13,765000,2635.0,1925,8650,372500
2021-09-14,765000,2670.0,1925,8650,375000
2021-09-15,765000,2690.0,1925,8650,375000
2021-09-16,765000,2690.0,1925,8650,375000
2021-09-17,782500,2660.0,1925,8650,375000
2021-09-22,782500,2660.0,1925,8650,378000
2021-09-23,782500,2650.0,1925,8650,380000
2021-09-24,782500,2650.0,1925,8700,381000
2021-09-27,782500,2690.0,1925,8750,381000
2021-09-28,777500,2690.0,1925,8750,381000
2021-09-29,777500,2690.0,1925,8750,381000
2021-09-30,777500,2710.0,1925,8750,381000
2021-10-08,777500,2710.0,1925,8800,384000
2021-10-11,777500,2735.0,1925,8825,389000
2021-10-12,777500,2735.0,1925,8850,391000
2021-10-13,777500,2735.0,1925,8850,391000
2021-10-14,797500,2735.0,1925,8850,392000
2021-10-15,797500,2735.0,1945,8850,395000
2021-10-18,797500,2730.0,1945,8850,398000
2021-10-19,797500,2730.0,1985,8850,399000
2021-10-20,797500,2740.0,1985,8850,399000
2021-10-21,797500,2740.0,1985,8900,399000
2021-10-22,825000,2740.0,1985,8900,399000
2021-10-25,825000,2740.0,1985,9000,399000
2021-10-26,835000,2750.0,2025,9000,402000
2021-10-27,865000,2840.0,2065,9000,402000
2021-10-28,895000,2890.0,2065,9000,402000
2021-10-29,895000,2865.0,2065,9000,404000
2021-11-01,895000,2865.0,2065,9000,407000
2021-11-02,895000,2865.0,2095,9000,409000
2021-11-03,925000,2910.0,2095,9000,411000
2021-11-04,945000,2935.0,2125,9000,411000
2021-11-05,985000,3025.0,2125,9000,411000
2021-11-08,985000,3025.0,2125,9050,411000
2021-11-09,985000,3025.0,2155,9050,412000
2021-11-10,985000,3025.0,2175,9050,413500
2021-11-11,1045000,3025.0,2175,9050,413500
2021-11-12,1045000,2990.0,2175,9100,413500
2021-11-15,1045000,2990.0,2175,9100,413500
2021-11-16,1045000,2965.0,2225,9100,413500
2021-11-17,1045000,2935.0,2225,9100,413500
2021-11-18,1045000,2910.0,2225,9100,413500
2021-11-19,1045000,2910.0,2275,9150,413500
2021-11-22,1045000,2910.0,2275,9150,413500
2021-11-23,1045000,2925.0,2275,9150,413500
2021-11-24,1045000,2925.0,2275,9150,415500
2021-11-25,1045000,2925.0,2275,9150,420500
2021-11-26,1045000,2925.0,2275,9150,423500
2021-11-29,1045000,2925.0,2275,9150,426500
2021-11-30,1045000,2925.0,2275,9200,431500
2021-12-01,1045000,2925.0,2275,9200,436500
2021-12-02,1045000,2910.0,2275,9200,442500
2021-12-03,1045000,2930.0,2275,9250,445500
2021-12-06,1045000,2930.0,2275,9250,449000
2021-12-07,1045000,2935.0,2275,9250,455500
2021-12-08,1045000,2910.0,2275,9250,459500
2021-12-09,1045000,2910.0,2275,9250,463500
2021-12-10,1045000,2920.0,2275,9250,466500
2021-12-13,1045000,2920.0,2275,9300,469500
2021-12-14,1045000,2920.0,2275,9300,473500
2021-12-15,1045000,2920.0,2275,9300,482500
2021-12-16,1045000,2890.0,2275,9300,482500
2021-12-17,1045000,2890.0,2275,9300,482500
2021-12-20,1045000,2890.0,2275,9300,484000
2021-12-21,1045000,2890.0,2275,9300,484000
2021-12-22,1045000,2890.0,2275,9300,487000
2021-12-23,1045000,2890.0,2275,9300,487000
2021-12-24,1045000,2890.0,2275,9350,487000
2021-12-27,1045000,2890.0,2275,9350,487000
2021-12-28,1045000,2890.0,2275,9350,487000
2021-12-29,1045000,2890.0,2275,9350,487000
2021-12-30,1110000,2890.0,2275,9350,487000
2021-12-31,1110000,2890.0,2275,9350,487000
2022-01-04,1110000,2890.0,2275,9350,487000
2022-01-05,1110000,2910.0,2275,9350,492000
2022-01-06,1110000,2935.0,2275,9350,492000
2022-01-07,1110000,2935.0,2275,9350,494000
2022-01-10,1110000,2965.0,2275,9350,496500
2022-01-11,1110000,2965.0,2275,9350,496500
2022-01-12,1110000,2965.0,2275,9350,498500
2022-01-13,1110000,2965.0,2275,9350,498500
2022-01-14,1110000,2965.0,2275,9350,500000
2022-01-17,1220000,2965.0,2275,9350,500000
2022-01-18,1220000,2965.0,2275,9350,500000
2022-01-19,1265000,2965.0,2275,9350,500000
2022-01-20,1265000,2965.0,2275,9350,500000
2022-01-21,1265000,2965.0,2275,9350,500000
2022-01-24,1265000,2965.0,2275,9350,500000
2022-01-25,1285000,2990.0,2275,9350,500000
2022-01-26,1285000,3035.0,2275,9350,500000
2022-01-27,1285000,3035.0,2275,9350,499000
2022-01-28,1285000,3035.0,2275,9350,499000
2022-02-07,1285000,3035.0,2275,9350,499000
2022-02-08,1285000,3035.0,2275,9350,499000
2022-02-09,1335000,3035.0,2275,9350,501500
2022-02-10,1382500,3060.0,2275,9350,501500
2022-02-11,1410000,3070.0,2275,9400,514000
2022-02-14,1500000,3140.0,2275,9400,523500
2022-02-15,1500000,3140.0,2275,9400,531000
2022-02-16,1485000,3140.0,2275,9400,530500
2022-02-17,1510000,3140.0,2325,9400,532500
2022-02-18,1510000,3140.0,2325,9400,534000
2022-02-21,1510000,3140.0,2325,9400,540000
2022-02-22,1510000,3150.0,2375,9400,547500
2022-02-23,1510000,3140.0,2375,9400,552500
2022-02-24,1510000,3135.0,2375,9400,552500
2022-02-25,1505000,3130.0,2375,9400,552500
2022-02-28,1465000,3130.0,2375,9400,552500
2022-03-01,1465000,3110.0,2425,9400,552500
2022-03-02,1470000,3130.0,2425,9400,552500
2022-03-03,1470000,3115.0,2425,9400,552500
2022-03-04,1470000,3115.0,2425,9400,553500
2022-03-07,1470000,3115.0,2475,9400,560000
2022-03-08,1470000,3110.0,2475,9400,570000
2022-03-09,1470000,3110.0,2475,9400,572500
2022-03-10,1450000,3040.0,2475,9400,573500
2022-03-11,1450000,3040.0,2525,9400,573500
2022-03-14,1450000,3040.0,2525,9400,573500
2022-03-15,1440000,2985.0,2525,9400,573500
2022-03-16,1410000,2965.0,2525,9400,570500
2022-03-17,1390000,2940.0,2525,9300,568500
2022-03-18,1380000,2940.0,2525,9300,568500
2022-03-21,1380000,2915.0,2525,9300,568500
2022-03-22,1365000,2890.0,2525,9300,567500
2022-03-23,1350000,2890.0,2525,9300,567500
2022-03-24,1340000,2865.0,2525,9250,567500
2022-03-25,1330000,2855.0,2575,9250,566500
2022-03-28,1330000,2840.0,2575,9250,565000
2022-03-29,1310000,2790.0,2575,9250,562500
2022-03-30,1310000,2750.0,2575,9250,562500
2022-03-31,1300000,2715.0,2575,9200,562500
2022-04-01,1280000,2655.0,2605,9200,562500
2022-04-06,1280000,2655.0,2605,9200,562500
2022-04-07,1240000,2625.0,2605,9200,562500
2022-04-08,1210000,2605.0,2605,9200,561500
2022-04-11,1180000,2565.0,2605,9200,561500
2022-04-12,1160000,2475.0,2605,9200,561500
2022-04-13,1140000,2450.0,2605,9200,561000
2022-04-14,1110000,2450.0,2605,9200,561000
2022-04-15,1085000,2450.0,2605,9200,561000
2022-04-18,1095000,2525.0,2605,9200,561000
2022-04-19,1105000,2590.0,2605,9150,560000
2022-04-20,1110000,2625.0,2605,9150,559000
2022-04-21,1095000,2590.0,2605,9150,559000
2022-04-22,1095000,2590.0,2605,9050,559000
2022-04-25,1095000,2590.0,2625,9050,556500
2022-04-26,1095000,2590.0,2625,9050,555500
2022-04-27,1095000,2590.0,2725,9050,554000
2022-04-28,1105000,2590.0,2725,9000,551500
2022-04-29,1105000,2590.0,2725,9000,550000
2022-05-05,1105000,2590.0,2725,9000,550000
2022-05-06,1105000,2600.0,2775,9000,548500
2022-05-09,1105000,2620.0,2775,9000,541500
2022-05-10,1135000,2620.0,2775,9000,540000
2022-05-11,1150000,2640.0,2825,9000,538500
2022-05-12,1150000,2640.0,2825,8900,534500
2022-05-13,1150000,2640.0,2875,8900,529500
2022-05-16,1160000,2640.0,2925,8900,517500
2022-05-17,1170000,2635.0,2925,8900,507500
2022-05-18,1170000,2610.0,2975,8850,502500
2022-05-19,1170000,2610.0,3025,8850,501000
2022-05-20,1170000,2610.0,3025,8850,501000
2022-05-23,1170000,2610.0,3025,8850,497500
2022-05-24,1170000,2610.0,3075,8850,492500
2022-05-25,1170000,2590.0,3125,8800,490000
2022-05-26,1185000,2600.0,3125,8800,475000
2022-05-27,1185000,2590.0,3225,8800,470000
2022-05-30,1195000,2590.0,3225,8800,455000
2022-05-31,1195000,2590.0,3225,8800,450000
2022-06-01,1195000,2575.0,3275,8800,447500
2022-06-02,1195000,2575.0,3325,8800,435000
2022-06-06,1195000,2575.0,3325,8800,432500
2022-06-07,1200000,2575.0,3325,8800,432500
2022-06-08,1200000,2575.0,3325,8800,432500
2022-06-09,1200000,2565.0,3325,8800,435000
2022-06-10,1200000,2540.0,3375,8800,435000
2022-06-13,1200000,2540.0,3375,8800,432500
2022-06-14,1200000,2540.0,3375,8800,430000
2022-06-15,1200000,2540.0,3325,8800,427500
2022-06-16,1200000,2540.0,3325,8800,427500
2022-06-17,1200000,2540.0,3325,8800,425000
2022-06-20,1200000,2540.0,3325,8800,420000
2022-06-21,1200000,2535.0,3275,8800,410000
2022-06-22,1190000,2515.0,3275,8800,410000
2022-06-23,1190000,2500.0,3225,8800,405000
2022-06-24,1190000,2500.0,3225,8800,400000
2022-06-27,1190000,2500.0,3175,8800,392500
2022-06-28,1190000,2490.0,3175,8700,390000
2022-06-29,1190000,2480.0,3175,8700,385000
2022-06-30,1180000,2465.0,3175,8700,377500
2022-07-01,1180000,2460.0,3175,8700,372500
2022-07-04,1180000,2450.0,3175,8700,367500
2022-07-05,1180000,2450.0,3175,8700,365000
2022-07-06,1180000,2450.0,3175,8700,360000
2022-07-07,1180000,2435.0,3225,8700,360000
2022-07-08,1170000,2430.0,3225,8650,360000
2022-07-11,1155000,2405.0,3225,8600,360000
2022-07-12,1150000,2405.0,3225,8600,360000
2022-07-13,1145000,2370.0,3225,8600,360000
2022-07-14,1125000,2345.0,3225,8550,360000
2022-07-15,1115000,2345.0,3225,8550,360000
2022-07-18,1115000,2345.0,3225,8550,355000
2022-07-19,1115000,2345.0,3225,8550,355000
2022-07-20,1095000,2345.0,3225,8550,350500
2022-07-21,1085000,2345.0,3225,8550,345000
2022-07-22,1085000,2345.0,3225,8550,340000
2022-07-25,1085000,2345.0,3225,8550,337500
2022-07-26,1085000,2345.0,3225,8450,337500
2022-07-27,1085000,2345.0,3225,8450,335000
2022-07-28,1075000,2345.0,3225,8450,335000
2022-07-29,1075000,2330.0,3205,8450,335000
2022-08-01,1075000,2330.0,3205,8425,330000
2022-08-02,1045000,2325.0,3205,8425,320000
2022-08-03,1020000,2325.0,3175,8425,315000
2022-08-04,1005000,2310.0,3175,8425,315000
2022-08-05,1005000,2310.0,3175,8425,315000
2022-08-08,1005000,2310.0,3175,8425,315000
2022-08-09,1005000,2290.0,3175,8350,325000
2022-08-10,1005000,2275.0,3125,8350,350000
2022-08-11,990000,2270.0,3125,8350,340000
2022-08-12,990000,2270.0,3125,8350,330000
2022-08-15,985000,2270.0,3125,8300,330000
2022-08-16,975000,2265.0,3125,8250,335000
2022-08-17,970000,2260.0,3075,8250,335000
2022-08-18,970000,2250.0,3075,8150,338000
2022-08-19,955000,2250.0,3075,8150,343000
2022-08-22,920000,2240.0,3075,8100,345000
2022-08-23,895000,2220.0,3025,8000,345000
2022-08-24,895000,2205.0,3025,8000,347000
2022-08-25,895000,2195.0,3025,7950,351000
2022-08-26,895000,2190.0,3025,7950,356000
2022-08-29,895000,2180.0,3025,7900,357000
2022-08-30,890000,2180.0,3005,7900,357500
2022-08-31,865000,2175.0,3005,7850,357500
2022-09-01,835000,2175.0,2975,7850,357500
2022-09-02,805000,2165.0,2975,7850,352500
2022-09-05,795000,2165.0,2975,7850,352500
2022-09-06,795000,2165.0,2915,7850,349000
2022-09-07,795000,2165.0,2915,7850,347500
2022-09-08,795000,2165.0,2915,7850,347500
2022-09-09,795000,2165.0,2875,7750,347500
2022-09-13,805000,2175.0,2875,7750,347500
2022-09-14,805000,2175.0,2825,7750,347500
2022-09-15,815000,2170.0,2825,7600,347500
2022-09-16,820000,2170.0,2825,7600,347500
2022-09-19,830000,2175.0,2825,7550,347500
2022-09-20,870000,2185.0,2765,7450,347500
2022-09-21,870000,2195.0,2765,7350,347500
2022-09-22,870000,2240.0,2725,7350,347500
2022-09-23,870000,2245.0,2705,7300,347500
2022-09-26,870000,2270.0,2705,7300,347500
2022-09-27,885000,2280.0,2655,7300,347500
2022-09-28,885000,2280.0,2605,7300,347500
2022-09-29,885000,2290.0,2505,7300,347500
2022-09-30,885000,2295.0,2505,7300,347500
2022-10-10,910000,2325.0,2505,7300,347500
2022-10-11,910000,2325.0,2505,7300,350500
2022-10-12,920000,2325.0,2425,7300,353500
2022-10-13,920000,2325.0,2425,7300,356500
2022-10-14,920000,2325.0,2425,7300,359500
2022-10-17,920000,2325.0,2425,7300,359500
2022-10-18,930000,2320.0,2365,7300,359500
2022-10-19,930000,2320.0,2365,7300,359500
2022-10-20,930000,2320.0,2325,7300,359500
2022-10-21,930000,2320.0,2325,7300,359500
2022-10-24,930000,2325.0,2325,7300,358500
2022-10-25,930000,2340.0,2275,7300,356500
2022-10-26,930000,2340.0,2275,7300,353500
2022-10-27,930000,2310.0,2225,7300,351500
2022-10-28,930000,2290.0,2225,7300,350000
2022-10-31,925000,2285.0,2175,7300,348000
2022-11-01,915000,2275.0,2175,7300,346000
2022-11-02,910000,2275.0,2105,7300,344500
2022-11-03,910000,2275.0,2105,7300,343500
2022-11-04,910000,2280.0,2025,7350,341500
2022-11-07,910000,2285.0,2025,7350,340000
2022-11-08,910000,2292.5,1925,7400,340000
2022-11-09,910000,2290.0,1925,7400,340000
2022-11-10,910000,2275.0,1895,7400,338500
2022-11-11,910000,2265.0,1895,7400,337500
2022-11-14,905000,2255.0,1795,7400,337500
2022-11-15,905000,2250.0,1695,7400,340500
2022-11-16,905000,2255.0,1695,7400,343500
2022-11-17,905000,2290.0,1645,7400,344500
2022-11-18,905000,2300.0,1645,7400,346500
2022-11-21,905000,2300.0,1595,7400,348000
2022-11-22,905000,2300.0,1495,7400,349000
2022-11-23,905000,2300.0,1475,7400,349000
2022-11-24,905000,2292.5,1425,7400,347000
2022-11-25,905000,2292.5,1425,7450,345500
2022-11-28,905000,2290.0,1375,7450,344000
2022-11-29,905000,2290.0,1375,7450,342000
2022-11-30,910000,2290.0,1375,7500,340000
2022-12-01,910000,2312.5,1375,7500,337500
2022-12-02,910000,2312.5,1375,7550,336500
2022-12-05,915000,2325.0,1375,7600,336500
2022-12-06,915000,2340.0,1375,7700,334500
2022-12-07,915000,2362.5,1375,7700,333500
2022-12-08,915000,2377.5,1425,7700,331500
2022-12-09,915000,2382.5,1425,7700,329500
2022-12-12,915000,2395.0,1425,7750,329500
2022-12-13,915000,2410.0,1475,7750,328500
2022-12-14,915000,2430.0,1475,7750,328500
2022-12-15,935000,2440.0,1525,7850,328500
2022-12-16,945000,2455.0,1525,7850,328500
2022-12-19,945000,2470.0,1525,7850,328500
2022-12-20,945000,2470.0,1575,7850,328500
2022-12-21,950000,2475.0,1575,7850,328500
2022-12-22,950000,2485.0,1675,7900,328000
2022-12-23,950000,2495.0,1725,7900,327000
2022-12-26,950000,2490.0,1725,7900,325500
2022-12-27,950000,2490.0,1825,7900,325500
2022-12-28,950000,2490.0,1825,7900,325500
2022-12-29,950000,2495.0,1925,7950,324500
2022-12-30,955000,2495.0,1925,7950,323000
2023-01-03,955000,2495.0,1925,7950,322000
2023-01-04,955000,2490.0,1925,7950,322000
2023-01-05,955000,2490.0,1925,7950,322000
2023-01-06,955000,2485.0,1925,7950,321500
2023-01-09,965000,2475.0,1925,7950,318000
2023-01-10,965000,2465.0,1925,8000,314000
2023-01-11,965000,2460.0,2025,8050,312500
2023-01-12,965000,2450.0,2025,8050,309000
2023-01-13,965000,2450.0,2025,8050,309000
2023-01-16,965000,2450.0,2025,8050,307500
2023-01-17,965000,2450.0,2025,8050,305000
2023-01-18,965000,2450.0,2025,8050,303500
2023-01-19,965000,2450.0,2025,8050,302500
2023-01-20,965000,2450.0,2025,8050,302500
2023-01-30,965000,2450.0,2025,8050,297500
2023-01-31,970000,2455.0,2025,8050,296000
2023-02-01,980000,2455.0,2025,8050,296000
2023-02-02,980000,2455.0,2025,8050,296000
2023-02-03,980000,2455.0,2025,8050,296000
2023-02-06,985000,2445.0,2025,8050,296000
2023-02-07,985000,2445.0,2025,8050,296000
2023-02-08,985000,2435.0,2025,8200,296000
2023-02-09,985000,2405.0,2025,8300,292500
2023-02-10,970000,2390.0,2025,8350,292500
2023-02-13,970000,2365.0,2025,8350,292500
2023-02-14,960000,2310.0,2025,8350,292500
2023-02-15,960000,2290.0,2025,8450,290000
2023-02-16,960000,2265.0,2025,8450,290000
2023-02-17,930000,2255.0,2025,8500,290000
2023-02-20,930000,2255.0,2025,8550,290000
2023-02-21,920000,2230.0,2025,8550,295000
2023-02-22,920000,2210.0,2025,8550,295000
2023-02-23,910000,2210.0,2025,8550,295000
2023-02-24,885000,2200.0,2025,8550,295000
2023-02-27,885000,2170.0,1995,8600,300000
2023-02-28,875000,2135.0,1955,8650,300000
2023-03-01,875000,2095.0,1955,8650,302500
2023-03-02,875000,2045.0,1925,8650,305000
2023-03-03,855000,1990.0,1925,8700,305000
2023-03-06,825000,1965.0,1875,8700,305000
2023-03-07,815000,1955.0,1875,8750,307500
2023-03-08,825000,1965.0,1825,8750,312500
2023-03-09,815000,1965.0,1825,8750,316000
2023-03-10,800000,1965.0,1825,8750,316000
2023-03-13,797500,1965.0,1825,8800,316000
2023-03-14,790000,1965.0,1805,8800,312500
2023-03-15,735000,1960.0,1805,8800,310000
2023-03-16,730000,1960.0,1775,8800,309000
2023-03-17,720000,1960.0,1745,8800,309000
2023-03-20,720000,1955.0,1675,8800,307500
2023-03-21,720000,1965.0,1675,8800,305000
2023-03-22,720000,1975.0,1645,8900,304000
2023-03-23,720000,1975.0,1645,8900,302500
2023-03-24,710000,1990.0,1645,8900,302500
2023-03-27,705000,2005.0,1625,8900,297500
2023-03-28,700000,1990.0,1625,8900,297500
2023-03-29,700000,2010.0,1625,8900,294000
2023-03-30,685000,2045.0,1625,8900,294000
2023-03-31,685000,2070.0,1625,8900,290500
2023-04-03,685000,2070.0,1625,9000,285000
2023-04-04,685000,2045.0,1625,9000,281500
2023-04-06,685000,2030.0,1625,9100,277500
2023-04-07,680000,1995.0,1625,9100,275000
2023-04-10,680000,1975.0,1675,9150,271500
2023-04-11,665000,1965.0,1725,9150,271500
2023-04-12,655000,1940.0,1725,9200,271500
2023-04-13,640000,1925.0,1725,9200,271500
2023-04-14,625000,1910.0,1725,9250,271500
2023-04-17,615000,1880.0,1775,9250,272500
2023-04-18,605000,1875.0,1775,9250,274000
2023-04-19,605000,1875.0,1775,9250,275000
2023-04-20,605000,1890.0,1775,9250,274000
2023-04-21,605000,1935.0,1825,9300,272500
2023-04-24,595000,1930.0,1825,9300,271000
2023-04-25,585000,1925.0,1825,9300,270000
2023-04-26,575000,1910.0,1825,9300,269000
2023-04-27,565000,1905.0,1825,9300,268500
2023-04-28,560000,1900.0,1825,9300,267500
2023-05-04,560000,1900.0,1775,9300,260000
2023-05-05,560000,1900.0,1775,9300,260000
2023-05-08,560000,1900.0,1775,9300,256500
2023-05-09,565000,1910.0,1775,9325,256500
2023-05-10,565000,1960.0,1775,9325,256500
2023-05-11,565000,1990.0,1755,9325,256500
2023-05-12,565000,2000.0,1755,9325,256500
2023-05-15,565000,2010.0,1755,9350,255500
2023-05-16,565000,2015.0,1725,9350,255500
2023-05-17,565000,2020.0,1725,9350,257000
2023-05-18,565000,2040.0,1725,9350,257500
2023-05-19,565000,2060.0,1695,9350,257500
2023-05-22,565000,2095.0,1695,9350,257500
2023-05-23,585000,2130.0,1695,9350,256000
2023-05-24,585000,2130.0,1695,9350,255000
2023-05-25,585000,2130.0,1695,9350,255000
2023-05-26,585000,2135.0,1675,9350,255000
2023-05-29,595000,2140.0,1675,9350,255000
2023-05-30,595000,2140.0,1675,9350,255000
2023-05-31,595000,2120.0,1675,9375,255000
2023-06-01,595000,2110.0,1675,9375,256000
2023-06-02,595000,2090.0,1675,9375,256000
2023-06-05,595000,2080.0,1655,9375,257000
2023-06-06,605000,2090.0,1655,9375,259000
2023-06-07,605000,2090.0,1655,9375,259500
2023-06-08,605000,2100.0,1655,9375,260500
2023-06-09,605000,2110.0,1655,9375,262000
2023-06-12,605000,2125.0,1655,9375,267000
2023-06-13,605000,2150.0,1655,9400,272500
2023-06-14,620000,2150.0,1655,9400,272500
2023-06-15,620000,2150.0,1655,9450,275000
2023-06-16,620000,2145.0,1655,9450,275000
2023-06-19,620000,2145.0,1655,9450,274500
2023-06-20,620000,2145.0,1655,9450,274500
2023-06-21,620000,2185.0,1655,9450,274500
2023-06-26,610000,2235.0,1655,9450,277500
2023-06-27,610000,2250.0,1655,9450,280000
2023-06-28,600000,2250.0,1675,9450,282500
2023-06-29,590000,2255.0,1675,9450,291500
2023-06-30,,,1675,9450,293000
2023-07-03,585000,2250.0,1675,9450,293000
2023-07-04,580000,2125.0,1675,9450,297000
2023-07-05,580000,2075.0,1675,9450,297000
2023-07-06,575000,2040.0,1675,9500,302500
2023-07-07,575000,2020.0,1675,9550,302500
2023-07-10,565000,2005.0,1725,9550,307500
2023-07-11,555000,2005.0,1775,9550,307500
2023-07-12,555000,2005.0,1775,9550,307500
2023-07-13,555000,2070.0,1775,9600,307500
2023-07-14,555000,2110.0,1775,9600,304500
2023-07-17,555000,2180.0,1775,9600,302500
2023-07-18,555000,2230.0,1775,9600,300000
2023-07-19,555000,2260.0,1775,9600,300000
2023-07-20,555000,2270.0,1775,9600,297000
2023-07-21,555000,2290.0,1775,9600,292000
2023-07-24,565000,2310.0,1825,9600,294000
2023-07-25,575000,2335.0,1825,9600,294000
2023-07-26,575000,2335.0,1825,9600,293500
2023-07-27,575000,2290.0,1825,9600,290000
2023-07-28,575000,2305.0,1825,9600,290000
2023-07-31,575000,2305.0,1825,9600,288500
2023-08-01,575000,2305.0,1825,9600,288500
2023-08-02,575000,2290.0,1775,9600,288500
2023-08-03,580000,2290.0,1775,9600,281000
2023-08-04,580000,2305.0,1775,9600,281000
2023-08-07,580000,2305.0,1725,9600,280000
2023-08-08,590000,2330.0,1705,9600,279000
2023-08-09,592500,2340.0,1705,9600,273000
2023-08-10,592500,2340.0,1705,9600,270500
2023-08-11,592500,2340.0,1675,9600,270000
2023-08-14,592500,2340.0,1675,9600,269000
2023-08-15,592500,2340.0,1625,9600,267500
2023-08-16,592500,2340.0,1625,9650,265000
2023-08-17,592500,2350.0,1625,9650,265000
2023-08-18,592500,2360.0,1625,9650,264000
2023-08-21,597500,2420.0,1625,9650,263000
2023-08-22,602500,2445.0,1625,9650,260500
2023-08-23,602500,2445.0,1625,9650,259000
2023-08-24,602500,2445.0,1625,9650,257500
2023-08-25,602500,2450.0,1625,9650,256500
2023-08-28,615000,2465.0,1625,9650,252000
2023-08-29,615000,2475.0,1625,9650,249500
2023-08-30,615000,2475.0,1625,9650,249500
2023-08-31,615000,2475.0,1655,9700,249500
2023-09-01,615000,2495.0,1655,9700,249500
2023-09-04,625000,2530.0,1685,9700,253000
2023-09-05,630000,2570.0,1685,9700,253000
2023-09-06,630000,2590.0,1715,9700,253000
2023-09-07,640000,2590.0,1725,9700,255000
2023-09-08,640000,2600.0,1725,9700,255000
2023-09-11,642500,2600.0,1725,9700,254000
2023-09-12,642500,2600.0,1745,9700,254000
2023-09-13,642500,2595.0,1745,9700,253500
2023-09-14,642500,2610.0,1745,9700,253000
2023-09-15,642500,2610.0,1765,9700,253000
2023-09-18,642500,2610.0,1765,9700,253000
2023-09-19,642500,2630.0,1785,9700,253000
2023-09-20,637500,2645.0,1875,9700,253000
2023-09-21,637500,2650.0,1875,9700,253000
2023-09-22,637500,2660.0,1875,9700,253000
2023-09-25,637500,2670.0,1875,9700,253000
2023-09-26,637500,2680.0,1875,9700,253000
2023-09-27,637500,2680.0,1905,9700,253000
2023-09-28,637500,2690.0,1905,9700,253000
2023-10-09,650000,2730.0,1955,9650,253000
2023-10-10,650000,2705.0,1955,9650,253000
2023-10-11,650000,2690.0,1955,9650,254000
2023-10-12,650000,2690.0,1955,9650,255000
2023-10-13,650000,2690.0,1955,9650,257500
2023-10-16,650000,2690.0,1955,9650,261500
2023-10-17,650000,2690.0,1955,9650,271000
2023-10-18,650000,2690.0,1975,9650,271000
2023-10-19,650000,2675.0,1975,9650,276000
2023-10-20,650000,2670.0,2005,9600,276000
2023-10-23,650000,2670.0,2005,9600,272500
2023-10-24,645000,2670.0,2005,9600,271500
2023-10-25,645000,2670.0,2005,9600,271500
2023-10-26,645000,2660.0,2025,9600,271500
2023-10-27,645000,2655.0,2025,9600,271500
2023-10-30,645000,2655.0,2025,9600,271500
2023-10-31,645000,2645.0,2025,9600,271000
2023-11-01,645000,2645.0,2025,9600,269500
2023-11-02,645000,2645.0,2075,9600,269000
2023-11-03,645000,2640.0,2075,9600,267000
2023-11-06,645000,2640.0,2075,9600,266500
2023-11-07,645000,2640.0,2075,9600,263000
2023-11-08,645000,2630.0,2075,9600,262500
2023-11-09,645000,2620.0,2075,9600,262500
2023-11-10,635000,2580.0,2025,9600,262500
2023-11-13,635000,2580.0,2025,9600,261500
2023-11-14,635000,2570.0,1995,9600,257500
2023-11-15,625000,2540.0,1995,9600,257500
2023-11-16,625000,2520.0,1975,9600,257500
2023-11-17,625000,2525.0,1925,9600,257500
2023-11-20,625000,2525.0,1895,9600,247000
2023-11-21,625000,2525.0,1895,9600,245500
2023-11-22,620000,2545.0,1875,9600,245500
2023-11-23,620000,2610.0,1865,9600,243500
2023-11-24,620000,2625.0,1865,9600,243500
2023-11-27,620000,2630.0,1865,9600,243500
2023-11-28,610000,2640.0,1855,9600,237500
2023-11-29,610000,2665.0,1855,9600,232500
2023-11-30,610000,2690.0,1855,9600,222500
2023-12-01,610000,2695.0,1855,9600,218000
2023-12-04,610000,2700.0,1855,9550,216000
2023-12-05,600000,2700.0,1855,9550,215000
2023-12-06,595000,2700.0,1855,9550,214000
2023-12-07,590000,2665.0,1855,9550,213500
2023-12-08,580000,2650.0,1855,9550,213500
2023-12-11,580000,2640.0,1855,9550,213500
2023-12-12,570000,2650.0,1855,9550,213500
2023-12-13,570000,2650.0,1855,9550,213500
2023-12-14,570000,2650.0,1855,9500,213500
2023-12-15,570000,2650.0,1855,9500,213500
2023-12-18,570000,2650.0,1855,9450,213500
2023-12-19,570000,2650.0,1885,9450,213500
2023-12-20,560000,2650.0,1885,9450,213500
2023-12-21,560000,2650.0,1885,9450,213500
2023-12-22,560000,2650.0,1885,9450,215000
2023-12-25,560000,2625.0,1885,9400,216000
2023-12-26,560000,2625.0,1885,9400,217500
2023-12-27,560000,2550.0,1885,9400,217500
2023-12-28,560000,2550.0,1885,9400,222500
2023-12-29,555000,2490.0,1915,9400,222500
2024-01-02,555000,2490.0,1915,9400,222500
2024-01-03,540000,2420.0,1935,9400,222500
2024-01-04,535000,2380.0,1935,9400,222500
2024-01-05,535000,2340.0,1935,9400,222500
2024-01-08,530000,2235.0,1985,9400,221500
2024-01-09,520000,2175.0,1985,9400,221500
2024-01-10,510000,2080.0,1985,9400,220500
2024-01-11,505000,2020.0,2015,9400,220000
2024-01-12,505000,1935.0,2015,9400,220000
2024-01-15,505000,1910.0,2015,9400,220000
2024-01-16,505000,1910.0,2015,9400,220000
2024-01-17,505000,1935.0,2015,9400,220000
2024-01-18,505000,1940.0,2015,9400,220000
2024-01-19,505000,1940.0,2015,9400,220000
2024-01-22,505000,1940.0,2015,9400,220000
2024-01-23,505000,1940.0,2015,9400,220000
2024-01-24,505000,1930.0,2015,9400,220000
2024-01-25,505000,1920.0,2015,9400,220000
2024-01-26,505000,1915.0,2015,9400,220000
2024-01-29,505000,1915.0,2015,9400,220000
2024-01-30,505000,1915.0,2015,9400,220000
2024-01-31,505000,1915.0,2015,9400,220000
2024-02-01,505000,1915.0,2045,9400,220000
2024-02-02,505000,1915.0,2045,9400,220000
2024-02-05,505000,1915.0,2045,9400,220000
2024-02-06,505000,1915.0,2045,9400,220000
2024-02-07,505000,1915.0,2045,9400,220000
2024-02-08,505000,1915.0,2045,9400,220000
2024-02-19,505000,1915.0,2075,9400,217500
2024-02-20,500000,1915.0,2075,9400,217500
2024-02-21,500000,1900.0,2125,9400,215500
2024-02-22,490000,1860.0,2125,9400,215500
2024-02-23,485000,1850.0,2125,9400,216500
2024-02-26,485000,1860.0,2125,9400,219000
2024-02-27,480000,1865.0,2125,9400,219000
2024-02-28,480000,1855.0,2125,9400,219000
2024-02-29,475000,1820.0,2125,9400,219000
2024-03-01,470000,1810.0,2125,9400,220000
2024-03-04,465000,1800.0,2125,9400,220000
2024-03-05,462500,1800.0,2125,9400,220000
2024-03-06,462500,1820.0,2095,9400,220000
2024-03-07,462500,1840.0,2095,9400,220000
2024-03-08,452500,1840.0,2095,9400,220000
2024-03-11,452500,1830.0,2095,9400,220000
2024-03-12,442500,1830.0,2095,9400,220000
2024-03-13,442500,1830.0,2095,9400,220000
2024-03-14,442500,1830.0,2095,9400,221000
2024-03-15,437500,1815.0,2095,9400,225000
2024-03-18,437500,1810.0,2095,9450,227500
2024-03-19,437500,1805.0,2095,9450,229000
2024-03-20,437500,1800.0,2095,9450,229000
2024-03-21,437500,1805.0,2095,9450,228000
2024-03-22,437500,1810.0,2095,9450,228000
2024-03-25,437500,1810.0,2095,9450,228000
2024-03-26,437500,1810.0,2095,9450,228000
2024-03-27,437500,1820.0,2095,9450,227500
2024-03-28,437500,1820.0,2125,9450,227500
2024-03-29,437500,1820.0,2125,9450,226000
2024-04-01,437500,1825.0,2125,9450,226000
2024-04-02,437500,1835.0,2125,9450,226000
2024-04-03,437500,1880.0,2125,9500,226000
2024-04-08,475000,2020.0,2125,9500,226000
2024-04-09,475000,1985.0,2125,9500,226000
2024-04-10,475000,1940.0,2125,9500,226000
2024-04-11,475000,1960.0,2125,9500,226000
2024-04-12,475000,2005.0,2175,9500,226000
2024-04-15,490000,2030.0,2175,9500,226000
2024-04-16,490000,2015.0,2175,9600,225500
2024-04-17,490000,2005.0,2175,9600,224500
2024-04-18,490000,2005.0,2195,9600,224500
2024-04-19,490000,2005.0,2195,9650,224000
2024-04-22,490000,1995.0,2195,9650,224000
2024-04-23,490000,1995.0,2195,9650,221500
2024-04-24,490000,1995.0,2195,9650,221500
2024-04-25,495000,2035.0,2195,9650,221000
2024-04-26,495000,2035.0,2225,9650,220500
2024-04-29,495000,2040.0,2225,9650,220000
2024-04-30,495000,2040.0,2225,9650,211000
2024-05-06,495000,2020.0,2225,9650,210000
2024-05-07,495000,2020.0,2225,9650,210000
2024-05-08,495000,2020.0,2225,9650,210000
2024-05-09,495000,2010.0,2225,9700,210000
2024-05-10,495000,2050.0,2225,9700,210000
2024-05-13,495000,2130.0,2255,9700,210000
2024-05-14,495000,2090.0,2255,9700,210000
2024-05-15,495000,2060.0,2275,9700,210000
2024-05-16,495000,2040.0,2275,9700,215000
2024-05-17,500000,2060.0,2275,9700,215000
2024-05-20,500000,2060.0,2275,9700,216500
2024-05-21,495000,2060.0,2285,9700,226500
2024-05-22,495000,2045.0,2300,9750,226500
2024-05-23,495000,2040.0,2300,9750,226500
2024-05-24,490000,2025.0,2320,9750,226500
2024-05-27,490000,2025.0,2320,9750,230000
2024-05-28,485000,1990.0,2320,9750,235000
2024-05-29,475000,1945.0,2320,9750,235000
2024-05-30,475000,1945.0,2350,9800,230000
2024-05-31,465000,1935.0,2350,9800,230000
2024-06-03,465000,1925.0,2350,9850,227500
2024-06-04,465000,1925.0,2350,9900,227500
2024-06-05,462500,1900.0,2350,10000,227500
2024-06-06,462500,1890.0,2350,10050,227500
2024-06-07,462500,1890.0,2350,10100,227500
2024-06-11,462500,1900.0,2350,10150,227500
2024-06-12,457500,1880.0,2350,10150,227500
2024-06-13,457500,1860.0,2350,10200,226500
2024-06-14,457500,1860.0,2350,10200,226500
2024-06-17,457500,1895.0,2350,10200,226500
2024-06-18,457500,1895.0,2350,10200,225500
2024-06-19,457500,1875.0,2350,10200,224000
2024-06-20,457500,1840.0,2350,10200,222000
2024-06-21,457500,1825.0,2350,10200,222000
2024-06-24,457500,1825.0,2350,11200,222000
2024-06-25,457500,1805.0,2350,11200,220000
2024-06-26,457500,1805.0,2350,11200,220000
2024-06-27,457500,1805.0,2350,11200,220000
2024-06-28,457500,1810.0,2350,11200,218000
2024-07-01,457500,1810.0,2350,12200,216500
2024-07-02,462500,1835.0,2350,12200,215500
2024-07-03,460000,1825.0,2350,12200,214000
2024-07-04,457500,1805.0,2350,12200,210000
2024-07-05,457500,1805.0,2350,12200,210000
2024-07-08,457500,1785.0,2350,12400,210000
2024-07-09,457500,1770.0,2350,12400,210000
2024-07-10,457500,1770.0,2350,12400,208000
2024-07-11,457500,1760.0,2350,12750,208000
2024-07-12,457500,1740.0,2375,12750,208000
2024-07-15,452500,1725.0,2375,13050,208000
2024-07-16,452500,1695.0,2375,13050,208000
2024-07-17,452500,1670.0,2375,13250,203000
2024-07-18,452500,1665.0,2375,13250,203000
2024-07-19,452500,1635.0,2375,13550,203000
2024-07-22,452500,1635.0,2375,13550,203000
2024-07-23,452500,1650.0,2375,13550,203000
2024-07-24,452500,1665.0,2375,14050,203000
2024-07-25,457500,1675.0,2375,14050,203000
2024-07-26,457500,1675.0,2375,14050,203000
2024-07-29,457500,1675.0,2375,14050,203000
2024-07-30,457500,1690.0,2375,14250,203000
2024-07-31,462500,1710.0,2425,14250,200000
2024-08-01,467500,1725.0,2475,14550,195000
2024-08-02,467500,1750.0,2475,14550,195000
2024-08-05,467500,1780.0,2475,14750,195000
2024-08-06,467500,1780.0,2525,14750,195000
2024-08-07,467500,1740.0,2525,14750,194000
2024-08-08,467500,1725.0,2575,15250,194000
2024-08-09,467500,1730.0,2575,15250,192500
2024-08-12,467500,1735.0,2575,15250,192500
2024-08-13,467500,1735.0,2575,15450,191000
2024-08-14,477500,1760.0,2575,15450,191000
2024-08-15,477500,1750.0,2575,15750,185000
2024-08-16,484000,1760.0,2575,15750,185000
2024-08-19,484000,1760.0,2575,15750,185000
2024-08-20,487500,1760.0,2575,16550,184000
2024-08-21,487500,1760.0,2575,16550,184000
2024-08-22,487500,1760.0,2575,16550,184000
2024-08-23,487500,1760.0,2575,16750,180000
2024-08-26,498000,1740.0,2575,16750,180000
2024-08-27,499000,1725.0,2575,16750,172500
2024-08-28,499000,1715.0,2575,17250,172500
2024-08-29,499000,1715.0,2575,17250,172500
2024-08-30,504000,1705.0,2575,17250,172500
2024-09-02,513000,1720.0,2555,17250,172500
2024-09-03,513000,1730.0,2555,17750,172500
2024-09-04,521500,1760.0,2525,17750,172500
2024-09-05,532500,1790.0,2525,17750,171500
2024-09-06,540000,1790.0,2525,17750,171500
2024-09-09,547500,1860.0,2575,17750,171000
2024-09-10,535000,1810.0,2575,18050,171000
2024-09-11,527500,1755.0,2575,18050,171000
2024-09-12,520000,1750.0,2575,18050,170000
2024-09-13,520000,1750.0,2575,18050,170000
2024-09-18,520000,1750.0,2575,18050,169000
2024-09-19,522500,1760.0,2575,18050,169000
2024-09-20,527500,1760.0,2575,18050,169000
2024-09-23,530000,1760.0,2575,18250,169000
2024-09-24,532500,1760.0,2575,18550,169000
2024-09-25,532500,1770.0,2625,18550,169000
2024-09-26,532500,1770.0,2625,18550,169500
2024-09-27,532500,1770.0,2625,18550,172000
2024-09-30,534000,1785.0,2625,18550,172000
2024-10-08,539000,1870.0,2625,18550,174000
2024-10-09,539000,1865.0,2625,18750,174000
2024-10-10,539000,1810.0,2625,18750,174000
2024-10-11,537500,1810.0,2625,18750,176000
2024-10-14,536000,1790.0,2625,18750,176000
2024-10-15,536000,1790.0,2625,18750,177500
2024-10-16,536000,1770.0,2625,18750,177500
2024-10-17,535000,1755.0,2625,18750,177500
2024-10-18,533000,1725.0,2625,18750,177500
2024-10-21,533000,1750.0,2625,18750,177500
2024-10-22,530000,1750.0,2625,18750,177500
2024-10-23,530000,1740.0,2625,18750,177500
2024-10-24,530000,1745.0,2625,18750,177500
2024-10-25,530000,1745.0,2625,18750,175000
2024-10-28,527500,1745.0,2625,18750,175000
2024-10-29,527500,1765.0,2625,18750,175000
2024-10-30,527500,1755.0,2625,18750,175000
2024-10-31,527500,1745.0,2625,18750,175000
2024-11-01,527500,1745.0,2625,18750,175000
2024-11-04,527500,1745.0,2625,18750,175000
2024-11-05,527500,1745.0,2575,18750,175000
2024-11-06,527500,1745.0,2525,18750,176000
2024-11-07,527500,1745.0,2525,18750,176500
2024-11-08,527500,1745.0,2525,18750,177500
2024-11-11,527500,1745.0,2525,18750,178500
2024-11-12,527500,1740.0,2475,18750,178500
2024-11-13,527500,1735.0,2475,18750,178500
2024-11-14,527500,1720.0,2475,18750,178500
2024-11-15,527500,1705.0,2425,18750,178500
2024-11-18,525000,1705.0,2425,18750,178500
2024-11-19,525000,1690.0,2375,18750,178500
2024-11-20,525000,1660.0,2375,18750,178500
2024-11-21,525000,1660.0,2325,18550,178500
2024-11-22,517500,1695.0,2275,18550,178500
2024-11-25,522000,1705.0,2275,18550,178500
2024-11-26,522000,1690.0,2225,18550,178500
2024-11-27,516000,1670.0,2225,18550,178500
2024-11-28,516000,1660.0,2225,18550,178000
2024-11-29,516000,1665.0,2225,18550,178000
2024-12-02,516000,1665.0,2225,18250,178000
2024-12-03,516000,1665.0,2225,18250,178000
2024-12-04,516000,1665.0,2225,18250,178000
2024-12-05,516000,1660.0,2225,18250,178000
2024-12-06,516000,1645.0,2225,18250,177500
2024-12-09,516000,1645.0,2225,18250,177500
2024-12-10,512000,1630.0,2225,18250,177500
2024-12-11,512000,1630.0,2225,17950,177500
2024-12-12,510000,1630.0,2225,17950,177500
2024-12-13,510000,1640.0,2225,17750,177500
2024-12-16,510000,1635.0,2225,17750,177000
2024-12-17,507000,1630.0,2225,17750,176000
2024-12-18,505000,1615.0,2225,17750,175000
2024-12-19,498000,1605.0,2225,17750,175000
2024-12-20,498000,1595.0,2225,17750,175000
2024-12-23,498000,1575.0,2225,17750,175000
2024-12-24,498000,1575.0,2175,17750,175000
2024-12-25,498000,1595.0,2175,17750,172500
2024-12-26,498000,1595.0,2125,17750,172500
2024-12-27,498000,1600.0,2075,17550,172500
2024-12-30,498000,1600.0,2075,17550,171500
2024-12-31,497000,1610.0,2025,17550,170500
2025-01-02,497000,1610.0,2025,17250,170500
2025-01-03,497000,1615.0,2025,17250,170000
2025-01-06,497000,1635.0,2025,17250,167500
2025-01-07,499000,1635.0,1975,17250,166000
2025-01-08,499000,1635.0,1955,16950,166000
2025-01-09,499000,1630.0,1905,16950,166000
2025-01-10,499000,1620.0,1875,16950,166000
2025-01-13,502500,1640.0,1875,16950,165000
2025-01-14,506000,1650.0,1875,16750,165000
2025-01-15,512500,1670.0,1825,16750,163500
2025-01-16,512500,1670.0,1825,16750,163500
2025-01-17,512500,1665.0,1825,16750,163500
2025-01-20,512500,1665.0,1825,16750,163500
2025-01-21,512500,1665.0,1795,16750,163500
2025-01-22,512500,1665.0,1795,16750,163500
2025-01-23,512500,1665.0,1795,16750,163500
2025-01-24,512500,1665.0,1795,16750,163500
2025-01-27,512500,1665.0,1795,16750,163500
2025-02-05,512500,1665.0,1795,16750,163500
2025-02-06,527500,1680.0,1795,16750,162500
2025-02-07,528000,1690.0,1795,16750,163500
2025-02-10,550000,1735.0,1795,16750,163500
2025-02-11,547500,1735.0,1795,16750,163500
2025-02-12,547500,1720.0,1795,16550,162500
2025-02-13,547500,1715.0,1795,16550,162500
2025-02-14,547500,1710.0,1775,16550,162500
2025-02-17,547500,1710.0,1775,16550,162500
2025-02-18,544000,1710.0,1775,16250,162500
2025-02-19,544000,1710.0,1775,16250,162500
2025-02-20,562500,1745.0,1775,16250,162500
2025-02-21,557500,1725.0,1775,16250,162500
2025-02-24,562000,1725.0,1775,16250,162500
2025-02-25,562000,1735.0,1745,15950,166500
2025-02-26,562000,1730.0,1745,15950,176500
2025-02-27,562000,1720.0,1745,15950,177500
2025-02-28,562000,1710.0,1745,15950,184000
2025-03-03,562000,1710.0,1745,15950,191500
2025-03-04,562000,1700.0,1705,15750,200000
2025-03-05,562000,1700.0,1705,15750,200000
2025-03-06,562000,1700.0,1705,15750,200000
2025-03-07,562000,1700.0,1705,15450,210000
2025-03-10,562000,1705.0,1705,15450,220000
2025-03-11,562000,1705.0,1705,15450,240000
2025-03-12,562000,1705.0,1805,15450,241000
2025-03-13,562000,1705.0,1825,15100,242500
2025-03-14,562000,1705.0,1825,15100,247500
2025-03-17,562000,1705.0,1855,15100,247500
2025-03-18,562000,1690.0,1855,15050,247500
2025-03-19,562000,1690.0,1875,15050,246500
2025-03-20,562000,1690.0,1875,14950,246000
2025-03-21,562000,1675.0,1875,14950,243500
2025-03-24,562000,1665.0,1875,14950,244000
2025-03-25,562000,1655.0,1875,14950,245000
2025-03-26,555000,1635.0,1815,14850,245000
2025-03-27,555000,1640.0,1815,14850,245000
2025-03-28,555000,1650.0,1815,14850,244500
2025-03-31,561000,1660.0,1815,14850,244500
2025-04-01,561000,1660.0,1775,15400,244500
2025-04-02,561000,1660.0,1775,15400,244000
2025-04-03,561000,1680.0,1775,15400,244000
2025-04-07,561000,1680.0,1775,15400,239500
2025-04-08,561000,1695.0,1775,15400,239000
2025-04-09,561000,1685.0,1775,15400,234500
2025-04-10,556000,1690.0,1775,15400,234000
2025-04-11,556000,1690.0,1775,15400,234000
2025-04-14,556000,1695.0,1775,15400,235500
2025-04-15,551000,1695.0,1775,15400,236500
2025-04-16,545000,1680.0,1775,15400,238000
2025-04-17,545000,1680.0,1775,15400,240000
2025-04-18,545000,1645.0,1775,15400,240000
2025-04-21,540000,1645.0,1775,15400,240000
2025-04-22,530000,1640.0,1775,15400,240000
2025-04-23,525000,1615.0,1775,15400,240250
2025-04-24,524000,1610.0,1775,15400,240500
2025-04-25,516000,1610.0,1775,15400,240500
2025-04-28,517500,1610.0,1775,15400,240500
2025-04-29,517500,1605.0,1775,15400,241000
2025-04-30,517500,1600.0,1775,15400,242000
2025-05-06,517500,1600.0,1775,15400,242000
2025-05-07,520000,1610.0,1775,15300,242000
2025-05-08,523000,1610.0,1775,15300,242000
2025-05-09,527000,1645.0,1775,15300,242000
2025-05-12,527000,1645.0,1775,15300,242250
2025-05-13,547500,1665.0,1755,15300,242250
2025-05-14,546000,1655.0,1725,15300,242050
2025-05-15,546000,1655.0,1725,15300,242050
2025-05-16,546000,1645.0,1725,15000,242050
2025-05-19,546000,1645.0,1725,15000,241550
2025-05-20,535000,1630.0,1725,15000,241300
2025-05-21,535000,1625.0,1725,15000,239300
2025-05-22,532500,1625.0,1725,15000,236000
2025-05-23,532500,1625.0,1725,15000,235850
2025-05-26,537500,1625.0,1725,15000,235500
2025-05-27,537500,1625.0,1725,15000,234000
2025-05-28,537500,1625.0,1725,15000,234000
2025-05-29,540000,1615.0,1725,15000,234000
2025-05-30,546000,1620.0,1725,15000,233900
2025-06-03,546000,1630.0,1725,15000,233900
2025-06-04,544000,1630.0,1725,15000,233550
2025-06-05,547500,1630.0,1725,15000,233550
2025-06-06,557500,1630.0,1725,15000,233550
2025-06-09,557500,1650.0,1725,15000,233250
2025-06-10,557500,1650.0,1725,15000,233000
2025-06-11,557500,1635.0,1725,14900,233000
2025-06-12,557500,1630.0,1725,14900,233500
2025-06-13,552500,1625.0,1725,14900,233500
2025-06-16,552500,1625.0,1725,14900,233500
2025-06-17,552500,1625.0,1725,14900,233500
2025-06-18,547500,1620.0,1725,14900,233500
2025-06-19,547500,1620.0,1725,14900,233500
2025-06-20,547500,1630.0,1725,14900,233500
2025-06-23,547500,1630.0,1725,14900,242500
2025-06-24,547500,1635.0,1725,15000,245500
2025-06-25,547500,1620.0,1725,15000,248500
2025-06-26,552500,1620.0,1725,14750,249000
2025-06-27,552500,1615.0,1725,14750,249250
2025-06-30,552500,1615.0,1705,14750,249250
2025-07-01,552500,1615.0,1705,14750,249750
2025-07-02,552500,1615.0,1705,14750,250250
2025-07-03,552500,1625.0,1705,14750,250750
2025-07-04,552500,1640.0,1705,14750,250750
2025-07-07,557500,1655.0,1705,14750,250500
2025-07-08,560000,1660.0,1705,14750,250000
2025-07-09,560000,1670.0,1705,14750,249250
2025-07-10,560000,1670.0,1700,14750,248750
2025-07-11,562500,1685.0,1700,14750,248250
2025-07-14,592500,1685.0,1680,14750,247000
2025-07-15,582500,1685.0,1680,14750,246000
2025-07-16,582500,1685.0,1680,14750,245250
2025-07-17,592500,1685.0,1680,14750,244900
2025-07-18,592500,1680.0,1680,14750,244500
2025-07-21,597500,1680.0,1680,14750,244500
2025-07-22,597500,1660.0,1660,14750,244500
2025-07-23,605500,1650.0,1660,14750,245000
2025-07-24,650000,1650.0,1660,14750,245500
2025-07-25,640000,1650.0,1635,14750,248500
2025-07-28,650000,1650.0,1635,14750,253500
2025-07-29,635000,1640.0,1635,14750,256500
2025-07-30,652500,1640.0,1625,14750,259500
2025-07-31,647500,1640.0,1625,14750,265000
2025-08-01,647500,1640.0,1625,14750,269000
2025-08-04,655000,1640.0,1625,14750,269000
2025-08-05,655000,1640.0,1625,14750,268500
2025-08-06,655000,1630.0,1625,14650,266500
2025-08-07,655000,1615.0,1625,14650,266500
2025-08-08,655000,1615.0,1615,14500,265000
2025-08-11,655000,1615.0,1605,14500,265000
2025-08-12,655000,1620.0,1605,14500,265000
2025-08-13,655000,1610.0,1605,14500,265000
2025-08-14,677500,1610.0,1605,14500,264500
2025-08-15,692500,1610.0,1605,14500,263500
2025-08-18,735000,1620.0,1605,14500,263500
2025-08-19,775000,1660.0,1605,14500,263000
2025-08-20,775000,1640.0,1605,14400,262500
2025-08-21,797500,1640.0,1605,14400,262500
2025-08-22,785500,1625.0,1605,14400,262500
2025-08-25,785500,1620.0,1605,14400,263000
2025-08-26,765000,1605.0,1605,14400,263000
2025-08-27,780000,1615.0,1605,14400,263000
2025-08-28,785000,1615.0,1605,14400,263500
2025-08-29,785000,1615.0,1605,14400,267000
2025-09-01,785000,1630.0,1605,14400,268000
2025-09-02,785000,1635.0,1605,14400,268000
2025-09-03,785000,1635.0,1605,14400,268000
2025-09-04,785000,1635.0,1605,14400,268000
2025-09-05,785000,1635.0,1605,14400,267500
2025-09-08,785000,1630.0,1605,14400,267750
2025-09-09,785000,1625.0,1605,14400,270000
2025-09-10,785000,1625.0,1605,14400,271000
2025-09-11,785000,1625.0,1605,14400,271000
2025-09-12,785000,1625.0,1605,14400,273000
2025-09-15,785000,1625.0,1635,14400,273000
2025-09-16,785000,1625.0,1635,14400,273000
2025-09-17,785000,1625.0,1665,14400,273000
2025-09-18,785000,1625.0,1665,14250,275000
2025-09-19,785000,1625.0,1665,14250,275000
2025-09-22,785000,1625.0,1665,14250,276000
2025-09-23,785000,1615.0,1665,14250,283000
2025-09-24,785000,1615.0,1665,14250,287500
2025-09-25,785000,1615.0,1665,14250,296750
2025-09-26,785000,1610.0,1665,14250,310000
2025-09-29,785000,1615.0,1665,14250,323500
2025-09-30,785000,1615.0,1665,14250,333500
2025-10-09,785000,1620.0,1665,14250,346000
2025-10-10,770000,1620.0,1665,14250,349500
2025-10-13,750000,1640.0,1665,14250,358500
2025-10-14,747500,1640.0,1665,14250,370000
2025-10-15,735000,1640.0,1665,14250,370000
2025-10-16,725000,1640.0,1665,14250,372500
2025-10-17,710000,1640.0,1665,14250,381000
2025-10-20,695000,1640.0,1695,14250,390000
2025-10-21,695000,1620.0,1695,14250,410000
2025-10-22,695000,1620.0,1695,14250,410000
2025-10-23,695000,1600.0,1695,14250,410000
2025-10-24,675000,1535.0,1695,14250,407500
2025-10-27,680000,1550.0,1695,14200,397500
2025-10-28,675000,1540.0,1695,14150,397500
2025-10-29,675000,1550.0,1695,14150,397500
2025-10-30,680000,1560.0,1685,14100,397500
2025-10-31,680000,1575.0,1685,14025,397500
2025-11-03,680000,1575.0,1685,13950,397500
2025-11-04,680000,1575.0,1685,13950,390000
2025-11-05,680000,1575.0,1685,13950,385000
2025-11-06,680000,1570.0,1665,13950,385000
2025-11-07,695000,1560.0,1665,13950,385000
2025-11-10,697500,1545.0,1665,13950,390000
2025-11-11,697500,1540.0,1665,13950,392000
2025-11-12,697500,1520.0,1665,13950,392750
2025-11-13,695000,1510.0,1665,13950,394000
2025-11-14,695000,1510.0,1665,13950,394500
2025-11-17,695000,1510.0,1665,13950,394500
2025-11-18,695000,1510.0,1665,13950,394500
2025-11-19,705000,1510.0,1665,13950,394500
2025-11-20,715000,1510.0,1665,13950,396500
2025-11-21,700000,1485.0,1665,13950,396500
2025-11-24,702000,1485.0,1665,13950,398500
2025-11-25,702000,1485.0,1665,13900,400000
2025-11-26,702000,1480.0,1665,13900,401500
2025-11-27,702000,1480.0,1665,13900,401500
2025-11-28,705000,1480.0,1650,13900,403000
2025-12-01,742500,1460.0,1650,13900,407500
2025-12-02,742500,1460.0,1650,13850,412000
2025-12-03,727500,1440.0,1650,13850,413500
2025-12-04,722500,1425.0,1650,13800,413500
2025-12-05,722500,1410.0,1650,13800,413500
2025-12-08,722500,1405.0,1650,13800,413500
2025-12-09,722500,1370.0,1650,13800,413500
2025-12-10,722500,1380.0,1650,13800,407000
2025-12-11,722500,1380.0,1650,13800,408500
2025-12-12,722500,1370.0,1650,13750,410500
2025-12-15,722500,1370.0,1650,13750,410500
2025-12-16,722500,1370.0,1650,13750,410500
2025-12-17,717500,1370.0,1650,13750,412500
2025-12-18,717500,1355.0,1650,13600,413500
2025-12-19,715000,1350.0,1650,13600,413500
2025-12-22,727500,1345.0,1650,13600,414000
2025-12-23,737500,1345.0,1650,13600,414000
2025-12-24,737500,1340.0,1650,13600,414500
2025-12-25,737500,1340.0,1650,13600,418000
2025-12-26,732500,1330.0,1650,13600,428000
2025-12-29,752500,1330.0,1650,13600,440000
2025-12-30,752500,1335.0,1650,13500,448000
2025-12-31,752500,1340.0,1650,13500,455000
2026-01-05,757500,1345.0,1650,13500,457000
2026-01-06,752500,1355.0,1650,13500,460000
2026-01-07,762500,1435.0,1650,13500,460000
2026-01-08,777500,1500.0,1650,13500,460000
2026-01-09,777500,1440.0,1650,13500,460000
2026-01-12,787500,1420.0,1680,13500,460000
2026-01-13,792500,1410.0,1680,13500,460000
2026-01-14,827500,1445.0,1680,13500,458500
2026-01-15,847500,1450.0,1680,13750,457500
2026-01-16,827500,1450.0,1680,13750,454000
2026-01-19,822500,1450.0,1710,14000,445000
2026-01-20,817500,1450.0,1725,14000,440000
2026-01-21,817500,1430.0,1725,14000,438000
2026-01-22,822500,1430.0,1725,14000,437000
2026-01-23,822500,1420.0,1775,14000,437000
2026-01-26,860000,1410.0,1805,14000,445000
2026-01-27,875000,1410.0,1805,14000,445000
2026-01-28,885000,1410.0,1805,14250,445000
2026-01-29,935000,1405.0,1805,14250,445000
2026-01-30,965000,1405.0,1805,14250,445000
2026-02-02,965000,1405.0,1805,14250,425000
2026-02-03,965000,1380.0,1805,14250,420000
2026-02-04,965000,1400.0,1805,14250,420000
2026-02-05,985000,1400.0,1805,14250,420000
2026-02-06,997500,1400.0,1805,14250,420000
2026-02-09,1040000,1405.0,1805,14250,425000
2026-02-10,1065000,1445.0,1805,14400,426000
2026-02-11,1065000,1490.0,1805,14400,426500
2026-02-12,1065000,1475.0,1805,14500,426500
2026-02-13,1065000,1475.0,1805,14500,426500
2026-02-24,1145000,1640.0,1805,14500,431000
2026-02-25,1145000,1640.0,1805,14600,434000
2026-02-26,1145000,1620.0,1805,14600,439000
2026-02-27,1155000,1620.0,1805,14600,439000
